rhocov,rhomev,Env,Pv,Ncov,Nmev
0.00011477203338082637,0.0,-26.09376160612787,5.117210346230562,4.511,0.0
0.0001069102381437004,0.0,-45.63043268990198,4.973072715383975,4.202,0.0
0.00011886830856910239,0.0,-57.990964926731934,5.281375132602545,4.672,0.0
0.0001404437207408915,0.0,-57.29455327444043,6.2171708918861786,5.52,0.0
0.0001274170567881132,0.0,-73.88599050834671,5.751863822375028,5.008,0.0
0.00011828312639934865,0.0,-45.616414723559764,5.335690282730335,4.649,0.0
0.00010065133319763891,0.0,-30.808753943906872,4.570590381506232,3.956,0.0
0.00011652757989008752,0.0,-57.93325877298197,5.205421599338163,4.58,0.0
0.00010556177488296355,0.0,-57.160857746060074,4.7254521146806505,4.149,0.0
0.00010428963973132507,0.0,-50.0669548500949,4.71307061827373,4.099,0.0
0.00011210054956238552,0.0,-45.76728368323877,5.071697103072399,4.406,0.0
0.00011444127824140038,0.0,-25.229804416086896,5.182374832376866,4.498,0.0
0.00010584164461632403,0.0,-38.64943118383454,4.759734436868943,4.16,0.0
0.0001162985955627926,0.0,-59.61880430024187,5.199647732289433,4.571,0.0
0.00011192245064115614,0.0,-42.34033952304513,5.194571785062045,4.399,0.0
0.00011835945450844699,0.0,-37.735533698769466,5.324478611482589,4.652,0.0
0.00011744351719926727,0.0,-33.692362562813315,5.4212185623571205,4.616,0.0
0.00010016792184001629,0.0,-20.315679043827252,4.66886079564843,3.937,0.0
9.388357419092206e-05,0.0,-42.833999889051995,4.242866067428892,3.69,0.0
9.988805210665581e-05,0.0,-27.91739036030659,4.544230813877948,3.926,0.0
0.00010594341542845512,0.0,-40.167122001261355,4.760531051509486,4.164,0.0
0.00011426317932017098,0.0,-35.28474742612016,5.181175262618115,4.491,0.0
0.00010716466517402809,0.0,-45.87282902647887,4.818280829071208,4.212,0.0
0.00010454406676165276,0.0,-39.765242511484885,4.714454110063474,4.109,0.0
0.00011792692855688989,0.0,-46.405251040408686,5.444196332559151,4.635,0.0
0.00013120801953999596,0.0,-63.15916577105741,5.850154042297849,5.157,0.0
0.00012716262975778547,0.0,-50.934100024156855,5.718313358583036,4.998,0.0
0.00010851312843476492,0.0,-30.888862832243476,4.882578127960144,4.265,0.0
9.762365153673927e-05,0.0,-44.50104762957661,4.423439485819055,3.837,0.0
8.71667005902707e-05,0.0,-15.61905145458228,4.0538323298327805,3.426,0.0
9.423977203338083e-05,0.0,-31.20464285901263,4.340975956488529,3.704,0.0
0.00012169244860573989,0.0,-63.11005422799271,5.620768783667156,4.783,0.0
9.892122939141054e-05,0.0,-36.796823669775605,4.420068743975111,3.888,0.0
0.00010080398941583555,0.0,-45.35698928053627,4.554696770845443,3.962,0.0
0.00014484530836556076,0.0,-97.81472667018656,6.633405953887466,5.693,0.0
0.0001136525544473845,0.0,-45.094383560829435,5.082429647493583,4.467,0.0
0.00010322104620394871,0.0,-35.97426035562617,4.578348719683812,4.057,0.0
0.0001118715652350906,0.0,-34.26841491432946,5.116946167656129,4.397,0.0
9.027071036026868e-05,0.0,-35.13154582403234,4.029788503434282,3.548,0.0
9.464685528190514e-05,0.0,-22.892792045859792,4.355571882755027,3.72,0.0
0.00013764502340728678,0.0,-75.29702949174805,6.122493858329535,5.41,0.0
0.0001273152859759821,0.0,-44.22978705941369,5.7169398550832895,5.004,0.0
0.00011306737227763078,0.0,-44.82037956172726,5.04270661601541,4.444,0.0
0.00014214838184408712,0.0,-61.671416929820715,6.403005174361542,5.587,0.0
0.00011828312639934868,0.0,-43.414363774984565,5.379709197407104,4.649,0.0
9.932831263993489e-05,0.0,-36.64943857921914,4.522896141234654,3.904,0.0
0.00012296458375737838,0.0,-43.20231765569682,5.486618377705908,4.833,0.0
0.00010156727050681866,0.0,-30.430476001660377,4.696349891239859,3.992,0.0
0.0001033991451251781,0.0,-35.93522350613465,4.6116679255761355,4.064,0.0
0.00010678302462853654,0.0,-35.36443139464609,4.760485732121504,4.197,0.0
9.436698554854468e-05,0.0,-24.05884127013771,4.231882726367152,3.709,0.0
0.0001106503154895176,0.0,-39.32893160377624,5.080554972059423,4.349,0.0
9.24842255241197e-05,0.0,-29.84846199620507,4.2197174953288705,3.635,0.0
0.00010065133319763891,0.0,-40.00784947540171,4.577134113573821,3.956,0.0
0.00011070120089558316,0.0,-24.670024929361155,4.9538662184232125,4.351,0.0
0.00010752086301648686,0.0,-52.2153920535909,4.894914535700484,4.226,0.0
9.650417260329739e-05,0.0,-49.834719349705864,4.184389649386979,3.793,0.0
0.0001241349480968858,0.0,-31.306722495096867,5.606520798298481,4.879,0.0
8.391003460207613e-05,0.0,-20.41046025427559,3.770769973354072,3.298,0.0
0.00010088031752493386,0.0,-52.89713549140026,4.474791111654299,3.965,0.0
0.00010245776511296562,0.0,-26.53880736224771,4.602698241079608,4.027,0.0
0.00011352534093222067,0.0,-44.2920346093055,5.056146905548341,4.462,0.0
0.00010477305108894768,0.0,-38.30711708564681,4.7356002425579815,4.118,0.0
9.151740280887442e-05,0.0,-33.57771496220653,4.1595230428264385,3.597,0.0
9.627518827600245e-05,0.0,-37.75490931003616,4.28161503719896,3.784,0.0
9.337472013026665e-05,0.0,-23.357147815698642,4.2291896535119875,3.67,0.0
9.686037044575616e-05,0.0,-29.72230069125692,4.40053464073134,3.807,0.0
9.884490128231224e-05,0.0,-32.61229145066733,4.603020056137732,3.885,0.0
0.0001198096885813149,0.0,-62.99916577241318,5.336194545432176,4.709,0.0
0.00010327193161001425,0.0,-41.81313669336219,4.604740737475491,4.059,0.0
0.000107062894361897,0.0,-42.73661112003248,4.886357759894408,4.208,0.0
0.00010556177488296357,0.0,-27.361367859041934,4.736860788853362,4.149,0.0
0.0001054600040708325,0.0,-40.45698915423798,4.750868803272829,4.145,0.0
9.711479747608387e-05,0.0,-21.264811700907035,4.42995145908273,3.817,0.0
9.642784449419907e-05,0.0,-32.295280541958235,4.347293511682172,3.79,0.0
0.00011024323224099329,0.0,-49.140962521339794,5.171297615818181,4.333,0.0
0.00010838591491960106,0.0,-61.35551870746651,4.783645783535121,4.26,0.0
0.00011421229391410545,0.0,-33.083441473368495,5.139209097886669,4.489,0.0
0.00010390799918583351,0.0,-28.113119811037542,4.769911699960463,4.084,0.0
9.411255851821698e-05,0.0,-24.876250880758896,4.2921794666564255,3.699,0.0
0.00011390698147771219,0.0,-31.461968648735148,5.129030934125771,4.477,0.0
0.00011988601669041318,0.0,-32.930555552397884,5.34930585968145,4.712,0.0
0.00011800325666598822,0.0,-44.593736780510795,5.256196336846423,4.638,0.0
8.408813352330552e-05,0.0,-12.89774172735171,3.8228850078647154,3.305,0.0
0.00010477305108894768,0.0,-45.64463024959287,4.725370686281342,4.118,0.0
0.00010192346834927743,0.0,-16.00248594220146,4.879557679141173,4.006,0.0
0.00010680846733156931,0.0,-34.23900763148143,4.83320970852744,4.198,0.0
9.65805007123957e-05,0.0,-21.17558298156911,4.4798361794759725,3.796,0.0
0.00011316914308976185,0.0,-59.93226590939128,5.107409511216821,4.448,0.0
0.00011283838795033584,0.0,-32.70033978760154,5.146706407509655,4.435,0.0
0.00010169448402198251,0.0,-37.0166178325088,4.560897242645515,3.997,0.0
0.00012418583350295136,0.0,-56.20738422438154,5.661710753171906,4.881,0.0
0.00010393344188886627,0.0,-37.77501984645243,4.681833343787421,4.085,0.0
0.00011584062690820273,0.0,-34.57220190929991,5.274564015420634,4.553,0.0
0.00010146549969468757,0.0,-32.8953657430645,4.587501096548709,3.988,0.0
0.0001022033380826379,0.0,-29.805724734019186,4.604907222832744,4.017,0.0
0.0001235497659271321,0.0,-71.08890768677078,5.800261480616189,4.856,0.0
0.00010711377976796256,0.0,-31.910986970503476,4.986295532981185,4.21,0.0
0.00013395583146753512,0.0,-86.57780175556476,5.960209142831747,5.265,0.0
9.767453694280481e-05,0.0,-21.37530663466838,4.403791661287296,3.839,0.0
0.0001093018522287808,0.0,-46.46741135036143,4.88524173710966,4.296,0.0
0.00011810502747811926,0.0,-42.036558545526646,5.335488705311279,4.642,0.0
0.0001228628129452473,0.0,-55.79567339632681,5.5973852714385615,4.829,0.0
0.00011759617341746386,0.0,-47.704115655027366,5.510253090050971,4.622,0.0
0.00010026969265214737,0.0,-38.36241773872609,4.502849659120568,3.941,0.0
0.00010154182780378587,0.0,-39.30814038425977,4.812058334586036,3.991,0.0
0.0001229391410543456,0.0,-79.09700945333324,5.335218743523379,4.832,0.0
0.00011411052310197437,0.0,-40.90685233870313,5.108453013560344,4.485,0.0
0.0001156116425809078,0.0,-30.393917531489073,5.168367449312467,4.544,0.0
9.36545898636271e-05,0.0,-23.861586372614788,4.268645804295529,3.681,0.0
9.866680236108285e-05,0.0,-39.70227337475974,4.406891989463209,3.878,0.0
9.75982088337065e-05,0.0,-33.26448017238763,4.496675729691645,3.836,0.0
9.637695908813352e-05,0.0,-24.455007564324507,4.316412256477217,3.788,0.0
0.000124669244860574,0.0,-64.67033056114313,5.472877234216541,4.9,0.0
0.00010441685324648892,0.0,-37.99317042260582,4.713355279815503,4.104,0.0
0.00013171687360065136,0.0,-62.074398584321074,5.9229413886122835,5.177,0.0
0.00011334724201099125,0.0,-31.23455213917614,5.15973551667869,4.455,0.0
0.00011566252798697333,0.0,-45.425600343015525,5.321050279965477,4.546,0.0
0.00011294015876246692,0.0,-50.99203953771806,5.013936711328277,4.439,0.0
0.00011838489721147976,0.0,-56.947829401833545,5.246163341791773,4.653,0.0
0.00010912375330755141,0.0,-31.76630961072542,4.8413762222633805,4.289,0.0
0.0001278241400366375,0.0,-40.18236299919548,5.676492440098303,5.024,0.0
0.0001002442499491146,0.0,-46.66739662702583,4.516735006155019,3.94,0.0
0.00011550987176877672,0.0,-47.96346690541387,5.132389729241915,4.54,0.0
8.841339303887646e-05,0.0,-26.541695810419487,3.9822182547757765,3.475,0.0
0.0001035772440464075,0.0,-37.05020322303772,4.613983642693763,4.071,0.0
0.00010439141054345615,0.0,-33.70956490300782,4.729143393873632,4.103,0.0
0.00011993690209647875,0.0,-47.3834197702229,5.4404001646682945,4.714,0.0
0.00010530734785263587,0.0,-35.53757572153129,4.7217030465041905,4.139,0.0
0.00010159271320985142,0.0,-30.19522924806163,4.608658510805986,3.993,0.0
0.00010594341542845512,0.0,-38.89046899861613,4.874126917101473,4.164,0.0
0.000129757785467128,0.0,-54.775994043038345,5.904214395417158,5.1,0.0
0.0001127875025442703,0.0,-40.351127552962325,5.0614965651857124,4.433,0.0
0.0001180032566659882,0.0,-50.43346695340867,5.232409084024035,4.638,0.0
0.00011192245064115614,0.0,-38.899073971778726,5.012080688559167,4.399,0.0
0.0001120242214532872,0.0,-36.879946301853344,5.070344176044104,4.403,0.0
0.00012639934866680235,0.0,-53.8488471751546,5.7117075265871105,4.968,0.0
0.0001017708121310808,0.0,-34.33562599566979,4.595787000067628,4.0,0.0
0.0001091237533075514,0.0,-43.863653185260475,4.973250070872904,4.289,0.0
0.00010215245267657235,0.0,-35.97263539912179,4.660216107122086,4.015,0.0
9.988805210665581e-05,0.0,-42.87959765287867,4.4033131800371015,3.926,0.0
0.0001055363321799308,0.0,-35.76482981632712,4.750073382498669,4.148,0.0
0.0001126348463260737,0.0,-49.95845322941872,5.031401189991717,4.427,0.0
0.000118690209647873,0.0,-40.83723584682503,5.464915598334587,4.665,0.0
0.00012728984327294932,0.0,-63.77108784242033,5.696012854131857,5.003,0.0
9.97353958884592e-05,0.0,-33.06228159389944,4.448329187454735,3.92,0.0
0.00011955526155098717,0.0,-47.195991182737316,5.355208198498747,4.699,0.0
0.00010818237329533891,0.0,-38.538303040331826,4.895484177477067,4.252,0.0
0.0001096326073682068,0.0,-32.7138738446736,4.94683815250406,4.309,0.0
0.00010319560350091594,0.0,-36.837146550930264,4.64948072002538,4.056,0.0
0.00011464481986566252,0.0,-72.97584819491642,5.041725940355234,4.506,0.0
9.787807856706696e-05,0.0,-21.721012746555257,4.404657871292627,3.847,0.0
0.00012271015672705069,0.0,-52.36830666369677,5.6968821720385785,4.823,0.0
0.00010800427437410951,0.0,-33.15363058380221,4.9249735845776135,4.245,0.0
8.627620598412375e-05,0.0,-27.672959418740323,3.9013630127681256,3.391,0.0
0.00010551088947689803,0.0,-41.93684328500723,4.727695550152916,4.147,0.0
0.00010762263382861795,0.0,-35.19362428548406,4.766340440135455,4.23,0.0
0.00011375432525951556,0.0,-40.26789549983361,5.191458492440541,4.471,0.0
0.00011006513331976389,0.0,-36.719761064932186,5.025853353717086,4.326,0.0
8.586912273559944e-05,0.0,-14.252704263894987,4.097462407721003,3.375,0.0
0.0001053582332587014,0.0,-35.000320863240596,4.821128123547208,4.141,0.0
0.00010286484836148993,0.0,-25.36578804891998,4.692225298421101,4.043,0.0
0.00012388052106655813,0.0,-80.81177006205343,5.470729605263161,4.869,0.0
9.072867901485854e-05,0.0,-28.595708547131544,4.088036933019492,3.566,0.0
0.00013146244657032363,0.0,-57.368334928499934,5.8592953689677865,5.167,0.0
0.00010372990026460411,0.0,-38.64002374971145,4.670830295151572,4.077,0.0
9.347649094239772e-05,0.0,-31.00608490638093,4.219724779648236,3.674,0.0
0.00010197435375534297,0.0,-41.54779914760272,4.536713805530142,4.008,0.0
0.00011835945450844699,0.0,-58.35001669755488,5.245948114696385,4.652,0.0
0.00012314268267860776,0.0,-43.69373583561429,5.5004525326267135,4.84,0.0
0.00010439141054345615,0.0,-34.83852974368631,4.701584560603931,4.103,0.0
0.00011405963769590883,0.0,-54.514624475961526,5.0876941474207324,4.483,0.0
0.00010324648890698149,0.0,-44.37986700229553,4.641047148343458,4.058,0.0
0.0001162985955627926,0.0,-45.0644540609119,5.16792388684637,4.571,0.0
0.00011327091390189296,0.0,-44.3951924216311,5.375853840780901,4.452,0.0
0.00010685935273763487,0.0,-31.592116736072924,4.8659874232025,4.2,0.0
0.00012660289029106452,0.0,-65.85379449423836,5.739273314739507,4.976,0.0
0.00010581620191329128,0.0,-35.46605095576329,4.712240839241585,4.159,0.0
0.00010599430083452067,0.0,-44.34236258474424,4.765844426264834,4.166,0.0
0.00010762263382861796,0.0,-31.631514250179375,4.849890255791295,4.23,0.0
0.00011721453287197233,0.0,-52.64125868372661,5.195794562215728,4.607,0.0
9.917565642173824e-05,0.0,-21.362410373213255,4.4523876021304085,3.898,0.0
0.00010133828617952373,0.0,-51.23930093866755,4.652897637575899,3.983,0.0
0.00011299104416853248,0.0,-39.04469244996198,5.083502630192999,4.441,0.0
9.535925096682272e-05,0.0,-30.13779750215503,4.352117212150193,3.748,0.0
9.859047425198453e-05,0.0,-30.728310349632043,4.6125321305152465,3.875,0.0
0.0001156116425809078,0.0,-37.56917990362962,5.395115975143137,4.544,0.0
0.00010965805007123957,0.0,-30.562187618398486,4.971807093594001,4.31,0.0
9.77508650519031e-05,0.0,-24.41681699850221,4.403807711094721,3.842,0.0
0.00011670567881131693,0.0,-38.68168022544211,5.320922768617079,4.587,0.0
0.00011581518420516997,0.0,-37.33203928996811,5.3043697418343,4.552,0.0
0.00012634846326073685,0.0,-59.87710006081072,5.636501265348573,4.966,0.0
0.00015156218196621214,0.0,-101.20426647275133,6.979007284094078,5.957,0.0
0.00010334825971911256,0.0,-36.32450345649124,4.674282856327553,4.062,0.0
0.00010497659271320986,0.0,-36.26184114998063,4.773005524218131,4.126,0.0
0.0001132963566049257,0.0,-34.20660952996422,5.088055545938908,4.453,0.0
0.00011016690413189498,0.0,-70.83768853908816,5.008122398376518,4.33,0.0
0.00014395481375941381,0.0,-68.01228202146675,6.514803518042339,5.658,0.0
0.00012718807246081825,0.0,-60.290674283577374,5.680553045148707,4.999,0.0
0.00010657948300427438,0.0,-43.18752405267155,4.828492470537951,4.189,0.0
0.00010866578465296155,0.0,-45.45231665304239,4.871094668227913,4.271,0.0
0.00012393140647262366,0.0,-50.64586020323061,5.56709531985282,4.871,0.0
0.00011141359658050074,0.0,-39.37195144046538,5.013256009999667,4.379,0.0
0.0001234734378180338,0.0,-66.8373037534791,5.441244052595858,4.853,0.0
0.00012487278648483615,0.0,-62.627264243364074,5.653906361216501,4.908,0.0
0.00010345003053124365,0.0,-19.47343659376562,4.680809109666185,4.066,0.0
0.00013227661306737228,0.0,-80.44054895249116,5.911918565495372,5.199,0.0
0.00010772440464074904,0.0,-29.022400584227228,5.016570090975023,4.234,0.0
0.00010892021168328923,0.0,-49.54535882368965,4.829678906984869,4.281,0.0
9.309485039690619e-05,0.0,-22.92271640811238,4.227262737955227,3.659,0.0
0.00012866374923671892,0.0,-54.85027933499895,5.980205386217793,5.057,0.0
0.00010355180134337471,0.0,-43.98251652700359,4.691513102234109,4.07,0.0
0.0001376704661103196,0.0,-71.45446574357707,6.121125042214617,5.411,0.0
0.0001118715652350906,0.0,-57.83915301762716,4.898697127047329,4.397,0.0
8.660696112354977e-05,0.0,-26.815382824187402,3.892834060761955,3.404,0.0
0.00012700997353958885,0.0,-61.02327066772889,5.828583198734676,4.992,0.0
0.00012248117239975576,0.0,-70.67939500511457,5.3107080639485105,4.814,0.0
0.00012787502544270304,0.0,-64.9154266099183,5.751222440407015,5.026,0.0
0.0001069102381437004,0.0,-28.263056070114168,4.8710158379901785,4.202,0.0
0.00014125788723794017,0.0,-107.73063220903737,6.246291846030019,5.552,0.0
0.00013990942397720335,0.0,-59.2365079215859,6.379159410493178,5.499,0.0
0.00012624669244860575,0.0,-56.167939037918785,5.6719814112815445,4.962,0.0
8.663240382658255e-05,0.0,-18.168984373067982,4.1187730209994715,3.405,0.0
0.0001191990637085284,0.0,-34.80485152198709,5.395280010845465,4.685,0.0
0.000116476694484022,0.0,-69.01165870608465,5.138796015239282,4.578,0.0
0.00012309179727254223,0.0,-57.1366973374642,5.413258849247489,4.838,0.0
0.00011403419499287605,0.0,-52.04206071498181,5.111640536646385,4.482,0.0
0.00010225422348870346,0.0,-38.45594864933407,4.642332227053257,4.019,0.0
0.00011260940362304092,0.0,-43.582618037832844,5.131267983898324,4.426,0.0
0.00012171789130877265,0.0,-54.1113268141637,5.45771328191749,4.784,0.0
0.00011100651333197639,0.0,-25.249416123402334,5.002181058813308,4.363,0.0
0.00011556075717484226,0.0,-31.071433468734377,5.169464111611204,4.542,0.0
0.00011059943008345206,0.0,-59.55056826573278,5.0298860761593565,4.347,0.0
0.00010444229594952169,0.0,-39.080335203452165,4.674533512044769,4.105,0.0
9.627518827600245e-05,0.0,-25.46335165416031,4.4288009151832455,3.784,0.0
0.00011543354365967841,0.0,-27.27392098726519,5.290490872930695,4.537,0.0
8.953287197231833e-05,0.0,-26.72125015889733,4.042235614367936,3.519,0.0
0.00013375228984327297,0.0,-61.75041329222033,6.051606481850643,5.257,0.0
0.00011487380419295746,0.0,-39.853680565075045,5.16575507533603,4.515,0.0
0.00011436495013230206,0.0,-43.13466561157058,5.223861230861538,4.495,0.0
7.780378587421127e-05,0.0,-20.318237762092814,3.5269124885071865,3.058,0.0
9.731833910034603e-05,0.0,-56.38958037516472,4.583611409772437,3.825,0.0
0.00010345003053124365,0.0,-29.031790911563135,4.647280882759717,4.066,0.0
0.00011047221656828821,0.0,-40.11999108277312,5.023253348703167,4.342,0.0
0.00012087828210869126,0.0,-23.448061202488105,5.810313649697751,4.751,0.0
8.851516385100753e-05,0.0,-18.072820297605233,3.994078825704491,3.479,0.0
0.00011456849175656423,0.0,-54.23913510872609,5.20298847382807,4.503,0.0
0.00012036942804803583,0.0,-29.395897978422976,5.488005851301192,4.731,0.0
0.0001268064319153267,0.0,-40.19638781241035,5.728479915762189,4.984,0.0
8.800630979035213e-05,0.0,-22.66543030841518,3.937780434341816,3.459,0.0
0.00012057296967229799,0.0,-57.53193819646788,5.517361740118337,4.739,0.0
9.497761042133117e-05,0.0,-26.658999356481274,4.385228414780275,3.733,0.0
0.00013044473844901283,0.0,-81.75593014262597,5.997188886380568,5.127,0.0
9.797984937919807e-05,0.0,-18.318332473412283,4.582429593629965,3.851,0.0
0.00011655302259312031,0.0,-62.88879980589332,5.33592266089612,4.581,0.0
0.00012166700590270711,0.0,-36.01408028540319,5.478345516456378,4.782,0.0
0.00012512721351516388,0.0,-45.826445356460496,5.608141452317939,4.918,0.0
0.00010540911866476696,0.0,-36.580617011906305,4.874423808417252,4.143,0.0
0.00010299206187665378,0.0,-45.49177592904277,4.5399014733935985,4.048,0.0
0.00010324648890698149,0.0,-22.986313831827857,4.703604654842876,4.058,0.0
0.00013723794015876246,0.0,-65.66741601057245,6.136436946214617,5.394,0.0
0.00014067270506818645,0.0,-71.91446938616127,6.509391440979838,5.529,0.0
0.00010296661917362102,0.0,-30.27035695391327,4.618336977061899,4.047,0.0
0.00010533279055566866,0.0,-58.359538559045816,4.786040043729636,4.14,0.0
0.00011507734581721962,0.0,-31.764383330908576,5.177405514490402,4.523,0.0
0.00010652859759820883,0.0,-51.73405909183528,4.851879275158881,4.187,0.0
0.00012660289029106452,0.0,-57.66364707229618,5.86672314311144,4.976,0.0
9.126297577854672e-05,0.0,-23.262525021563523,4.107556282477419,3.587,0.0
0.00012652656218196622,0.0,-69.43623295582722,5.723093886426375,4.973,0.0
0.00010490026460411155,0.0,-36.645364319223894,4.691030330862266,4.123,0.0
0.00011594239772033381,0.0,-62.814645550473436,5.1041697870851275,4.557,0.0
0.00012853653572155507,0.0,-48.17372533828756,5.781377192389569,5.052,0.0
0.00011367799715041727,0.0,-63.067252426035935,5.028485592897863,4.468,0.0
0.00011174435171992674,0.0,-41.983885121885194,5.066407089173522,4.392,0.0
9.861591695501732e-05,0.0,-23.98967074747642,4.43752468756388,3.876,0.0
0.00011337268471402402,0.0,-48.13533822599662,5.02203711226596,4.456,0.0
0.00010752086301648686,0.0,-33.140903307488564,4.823527580147238,4.226,0.0
0.00011461937716262976,0.0,-36.65491880518658,5.187627669120537,4.505,0.0
0.00011403419499287604,0.0,-44.43902033008584,5.1917994429491845,4.482,0.0
0.00010431508243435784,0.0,-48.13185038591501,4.758998890837191,4.1,0.0
0.0001150264604111541,0.0,-47.68294572832011,5.267437702600323,4.521,0.0
9.823427640952576e-05,0.0,-33.601848606017356,4.458355161720643,3.861,0.0
9.937919804600041e-05,0.0,-39.079178057228056,4.473723126500625,3.906,0.0
0.00011568797069000611,0.0,-51.312738026915234,5.118850962339917,4.547,0.0
9.304396499084062e-05,0.0,-24.569160234293456,4.223443290060835,3.657,0.0
0.00011413596580500714,0.0,-30.26784011468,5.231618257180976,4.486,0.0
0.00011489924689599024,0.0,-41.31545812675507,5.173100888050413,4.516,0.0
9.846326073682068e-05,0.0,-19.812498812178333,4.468862183781319,3.87,0.0
0.00011632403826582538,0.0,-57.44382214919365,5.140192812263158,4.572,0.0
9.719112558518217e-05,0.0,-30.991974046138598,4.373815074482816,3.82,0.0
0.0001184357826175453,0.0,-60.91841172389482,5.258196526555152,4.655,0.0
0.00010268674944026053,0.0,-38.923348153072496,4.654118323267854,4.036,0.0
0.00012326989619377163,0.0,-43.396414059261254,5.545860163612436,4.845,0.0
9.678404233665786e-05,0.0,-26.023351706781142,4.370536036786709,3.804,0.0
0.00010566354569509464,0.0,-36.83638572445793,4.8016936802588495,4.153,0.0
0.00011375432525951558,0.0,-42.26011894219871,5.359255077077398,4.471,0.0
0.0001239568491756564,0.0,-51.029658592905726,5.635036035071528,4.872,0.0
0.00011077752900468146,0.0,-41.936650821642225,5.10384512942914,4.354,0.0
0.0001006767759006717,0.0,-36.05611553965589,4.628720776014616,3.957,0.0
0.00010464583757378385,0.0,-35.54651742001417,4.710284003552784,4.113,0.0
0.00010637594138001222,0.0,-33.597167002052736,4.888734604058378,4.181,0.0
9.319662120903723e-05,0.0,-28.944891400828464,4.1315724533501275,3.663,0.0
0.00010907286790148586,0.0,-44.270961685934864,5.037828965156136,4.287,0.0
0.00010019336454304906,0.0,-28.910492102742907,4.47624118651234,3.938,0.0
9.411255851821698e-05,0.0,-29.67005624114549,4.456304388685747,3.699,0.0
0.0001022033380826379,0.0,-49.88265104711668,4.575511538734179,4.017,0.0
0.00010899653979238754,0.0,-33.809839772017526,4.96009571788521,4.284,0.0
0.00011899552208426624,0.0,-81.91288874955492,5.357598719297508,4.677,0.0
0.00011062487278648485,0.0,-41.858086296502485,4.90915223764274,4.348,0.0
0.00010434052513739058,0.0,-43.55254655701465,4.869998050896822,4.101,0.0
9.703846936698556e-05,0.0,-28.110523141924322,4.44530020244162,3.814,0.0
0.0001002442499491146,0.0,-21.297076134758075,4.5549281376311805,3.94,0.0
0.00010736820679829026,0.0,-27.436269281907954,4.857621650160805,4.22,0.0
0.00011349989822918788,0.0,-53.18778239504261,5.0626762134779435,4.461,0.0
0.00010467128027681661,0.0,-44.8140576767421,4.6597861003509635,4.114,0.0
0.00011248219010787707,0.0,-46.155718774806736,5.072354873741233,4.421,0.0
0.00010894565438632201,0.0,-43.917789580074924,5.1011061748719815,4.282,0.0
9.856503154895177e-05,0.0,-33.1422461003052,4.392023484136784,3.874,0.0
0.00010586708731935682,0.0,-37.659487382955334,4.746688703933849,4.161,0.0
0.00010782617545288012,0.0,-47.10773480303305,4.8703344287476655,4.238,0.0
0.00012258294321188684,0.0,-35.24922955091277,5.614180746410805,4.818,0.0
0.0001022033380826379,0.0,-30.129585895082542,4.796758179687736,4.017,0.0
0.00010306838998575209,0.0,-47.10266145686746,4.595085678292374,4.051,0.0
9.619886016690412e-05,0.0,-27.81812413291905,4.33936538157762,3.781,0.0
0.00010746997761042134,0.0,-35.202369719781295,4.881927826133419,4.224,0.0
0.0001259413800122125,0.0,-76.72550990306408,5.579283415995489,4.95,0.0
0.00011296560146549969,0.0,-48.57287940034367,5.090088888595284,4.44,0.0
0.00010970893547730512,0.0,-31.712651639640914,5.125372771256155,4.312,0.0
0.00010586708731935682,0.0,-34.243102743333715,4.71446735060274,4.161,0.0
9.87940158762467e-05,0.0,-30.69373213860606,4.422394297366227,3.883,0.0
0.00010864034194992877,0.0,-40.998630372628945,4.9729173785433884,4.27,0.0
0.00012054752696926522,0.0,-52.94193213810716,5.365778279631872,4.738,0.0
8.99145125178099e-05,0.0,-25.969943864561333,4.056132542767618,3.534,0.0
0.0001022033380826379,0.0,-31.509098233937166,4.670279190472979,4.017,0.0
0.00010329737431304703,0.0,-37.28714296581843,4.647085548045697,4.06,0.0
0.00010395888459189906,0.0,-36.06442517519563,4.691066558441392,4.086,0.0
0.0001141614085080399,0.0,-56.24996396556539,5.332367347933334,4.487,0.0
9.584266232444535e-05,0.0,-36.570900173736135,4.392248781913548,3.767,0.0
0.0001103195603500916,0.0,-40.77617673796935,4.993658709309871,4.336,0.0
0.00010258497862812945,0.0,-38.91296803891237,4.705604628997006,4.032,0.0
0.00011133726847140241,0.0,-39.222020980154525,4.9840917658347905,4.376,0.0
0.00011349989822918788,0.0,-33.239886503642154,5.34740662331442,4.461,0.0
0.00010398432729493181,0.0,-29.940990251016608,4.687904245036696,4.087,0.0
0.00010942906574394464,0.0,-39.923912135169545,4.869294690192286,4.301,0.0
0.00010632505597394668,0.0,-29.819077937217898,4.753401279145652,4.179,0.0
0.00011065031548951761,0.0,-31.732563920067673,5.13771411088502,4.349,0.0
0.00011072664359861593,0.0,-33.27613824384377,4.993991077068238,4.352,0.0
0.00012187054752696926,0.0,-69.68609260004384,5.48329924704559,4.79,0.0
0.00011065031548951761,0.0,-42.42911479168696,4.962903799323963,4.349,0.0
0.00011037044575615715,0.0,-60.43257271468357,5.158120642295095,4.338,0.0
0.00013975676775900673,0.0,-52.88097574126897,6.461471666421942,5.493,0.0
0.0001384846326073682,0.0,-67.86351688320292,6.185277524367226,5.443,0.0
0.00012769692652147364,0.0,-52.12724094201118,5.789734768077636,5.019,0.0
0.00010650315489517607,0.0,-28.266349239226205,4.793693353540881,4.186,0.0
9.055058009362916e-05,0.0,-25.896244499551123,4.05500566271827,3.559,0.0
0.00011309281498066356,0.0,-30.691539637186732,5.197107684031413,4.445,0.0
0.00010573987380419297,0.0,-45.34546004116859,4.663744651806617,4.156,0.0
9.696214125788723e-05,0.0,-31.58848633473562,4.413497221796404,3.811,0.0
9.594443313657643e-05,0.0,-34.59849112591842,4.345778011521233,3.771,0.0
0.0001093781803378791,0.0,-43.12702261136149,4.874871294788507,4.299,0.0
0.00011176979442295951,0.0,-84.02583698544669,4.946348089637066,4.393,0.0
8.920211683289234e-05,0.0,-25.678762721433152,4.042462725526494,3.506,0.0
0.00010128740077345817,0.0,-25.97282861162656,4.529965049720513,3.981,0.0
0.00010355180134337471,0.0,-24.62514459887891,4.64743285761239,4.07,0.0
0.00011566252798697333,0.0,-32.49888924899944,5.373146494931007,4.546,0.0
0.00011538265825361286,0.0,-55.27113490565639,5.151896866113136,4.535,0.0
0.00011942804803582332,0.0,-50.64259242261939,5.262014772670571,4.694,0.0
0.00011454304905353144,0.0,-38.036310492460075,5.2977004913214,4.502,0.0
9.89721147974761e-05,0.0,-52.50975343402848,4.446473100882483,3.89,0.0
0.00011431406472623653,0.0,-58.44027722449667,5.186163881090001,4.493,0.0
0.00012858742112762062,0.0,-63.696781387249814,5.789478247604679,5.054,0.0
0.00010892021168328925,0.0,-37.54149341047706,4.969065578195822,4.281,0.0
0.00011912273559943008,0.0,-48.012813130213864,5.309320413214173,4.682,0.0
0.00011370343985345005,0.0,-38.49029578684289,5.1675320120034245,4.469,0.0
0.00011642580907795644,0.0,-41.256193081443946,5.414050796504183,4.576,0.0
9.123753307551394e-05,0.0,-25.471930693877695,4.057133106602396,3.586,0.0
9.334927742723389e-05,0.0,-19.43776693346314,4.356721514899934,3.669,0.0
0.00013342153470384692,0.0,-68.89789041649092,5.8878770601972725,5.244,0.0
0.00010179625483411358,0.0,-33.65370685023224,4.598282247789397,4.001,0.0
0.00010566354569509464,0.0,-29.73568581536537,4.715794944048599,4.153,0.0
0.0001035772440464075,0.0,-46.99043124849951,4.741657115175135,4.071,0.0
0.00010474760838591493,0.0,-23.879646008982228,4.747913534741641,4.117,0.0
0.00011657846529615307,0.0,-49.78538987114989,5.176288175198008,4.582,0.0
0.00010617239975575005,0.0,-23.388860484077487,4.770120854282923,4.173,0.0
0.00011085385711377978,0.0,-32.71568274605531,5.074659254080008,4.357,0.0
0.00011047221656828821,0.0,-36.3481309086878,4.991938340139822,4.342,0.0
9.591899043354365e-05,0.0,-29.69310908924074,4.5049848733718605,3.77,0.0
9.876857317321393e-05,0.0,-40.59919759284727,4.493585629334413,3.882,0.0
0.00011538265825361287,0.0,-34.864745842147855,5.29476818130111,4.535,0.0
0.00011540810095664563,0.0,-42.795616617777554,5.3778873992066805,4.536,0.0
0.00010103297374313047,0.0,-30.628748542729625,4.620486779723109,3.971,0.0
0.00012408406269082028,0.0,-62.441793934002796,5.544659714486478,4.877,0.0
0.00012110726643598617,0.0,-39.708035098424666,5.473520825920117,4.76,0.0
0.00013306533686138815,0.0,-49.936699897755965,6.147021852950823,5.23,0.0
0.00010390799918583351,0.0,-57.22677742704375,4.587711835668406,4.084,0.0
0.00010548544677386526,0.0,-40.7214621934216,4.784042762771635,4.146,0.0
0.00010629961327091392,0.0,-24.423216066251268,4.834762640844672,4.178,0.0
9.899755750050884e-05,0.0,-24.808429440410887,4.495526703941538,3.891,0.0
0.0001151027885202524,0.0,-46.897411836287986,5.145204286839438,4.524,0.0
9.413800122124976e-05,0.0,-39.41764943918651,4.164917398428318,3.7,0.0
0.00012749338489721147,0.0,-66.71217463563953,5.707098082990371,5.011,0.0
9.846326073682068e-05,0.0,-38.988557539965335,4.486622041490577,3.87,0.0
9.548646448198658e-05,0.0,-26.38360118868023,4.418171398752198,3.753,0.0
0.00010912375330755141,0.0,-48.45735923129754,4.82553895837026,4.289,0.0
0.00011891919397516794,0.0,-50.59534330309667,5.399561526933312,4.674,0.0
0.00010746997761042135,0.0,-20.47818669002806,5.049919183380678,4.224,0.0
0.00013146244657032363,0.0,-71.14461490268506,5.805882891601514,5.167,0.0
0.0001218451048239365,0.0,-33.18969474465715,5.467754352070849,4.789,0.0
0.00011090474251984531,0.0,-45.52880417218135,4.960675805403183,4.359,0.0
0.00011675656421738247,0.0,-45.1587406524845,5.240778748637717,4.589,0.0
0.00011322002849582739,0.0,-40.01437652040263,5.160277066919955,4.45,0.0
9.670771422755954e-05,0.0,-35.292968593501676,4.340932013754528,3.801,0.0
9.001628332994098e-05,0.0,-26.385536201492577,4.251982286806842,3.538,0.0
0.0001247455729696723,0.0,-51.947134829298754,5.593287747782479,4.903,0.0
0.00012510177081213108,0.0,-59.3278204595935,5.5859421536590546,4.917,0.0
0.00011143903928353349,0.0,-58.999220272319626,5.01899106938211,4.38,0.0
0.00010589253002238958,0.0,-37.036007902749,4.8692095665972355,4.162,0.0
0.00010355180134337471,0.0,-27.52879069641272,4.599502699879976,4.07,0.0
0.00011886830856910239,0.0,-46.82669279310514,5.277503164995877,4.672,0.0
0.0001281803378790963,0.0,-55.96557282428532,5.689651328349466,5.038,0.0
0.00012693364543049055,0.0,-52.56026894647668,5.805508475223285,4.989,0.0
9.070323631182577e-05,0.0,-35.258014973119714,4.0162303046493495,3.565,0.0
0.00011296560146549969,0.0,-41.98405067036061,5.083130140931949,4.44,0.0
0.0001157897415021372,0.0,-38.06961299486807,5.150049777825581,4.551,0.0
9.698758396092002e-05,0.0,-21.537078106766,4.351557523164888,3.812,0.0
9.663138611846122e-05,0.0,-17.45274874068431,4.357375389780089,3.798,0.0
0.00012805312436393244,0.0,-66.28717023830181,5.818492502676053,5.033,0.0
0.0001471860370445756,0.0,-63.70386035164444,6.68908756894893,5.785,0.0
9.983716670059028e-05,0.0,-28.00705575281137,4.5513206018182375,3.924,0.0
0.00010586708731935682,0.0,-30.077819817189322,4.744873277267951,4.161,0.0
9.64024017911663e-05,0.0,-31.429669623410074,4.29547627831239,3.789,0.0
9.446875636067576e-05,0.0,-33.535469982378295,4.2718089951716305,3.713,0.0
9.243334011805414e-05,0.0,-25.37630540297643,4.207131192126317,3.633,0.0
0.00013583859149196014,0.0,-53.612440365254386,6.356633379193465,5.339,0.0
8.703948707510687e-05,0.0,-22.157642805654053,4.00945788344083,3.421,0.0
0.00010072766130673725,0.0,-25.369000915943005,4.567729036029272,3.959,0.0
0.00011342357012008958,0.0,-63.94582133531293,5.35950125119268,4.458,0.0
0.0001202167718298392,0.0,-43.07294971404984,5.561442303097546,4.725,0.0
0.00010278852025239162,0.0,-34.630604838813674,4.612404777155388,4.04,0.0
0.00010355180134337473,0.0,-40.16668369838758,4.637856573927145,4.07,0.0
0.00012466924486057398,0.0,-67.84198319978587,5.437726638342048,4.9,0.0
9.609708935477306e-05,0.0,-21.825236213232493,4.339409657862208,3.777,0.0
0.00010049867697944231,0.0,-25.91864092070075,4.853464411071855,3.95,0.0
0.00011507734581721962,0.0,-40.976604895810546,5.279261473448358,4.523,0.0
0.00011444127824140038,0.0,-36.30429526216849,5.143818708878867,4.498,0.0
0.00011294015876246692,0.0,-22.894343981434314,5.29419467503848,4.439,0.0
0.00010688479544066761,0.0,-56.48312326035656,4.784838317000158,4.201,0.0
0.00011441583553836761,0.0,-48.471341063762914,5.085010810492941,4.497,0.0
0.00011016690413189498,0.0,-47.612393574015314,4.933070113526417,4.33,0.0
0.000110828414410747,0.0,-41.68432906628645,4.960233278118631,4.356,0.0
9.95572969672298e-05,0.0,-43.75715738703629,4.501676607047859,3.913,0.0
0.00010871667005902708,0.0,-47.023681179466415,5.054312604687459,4.273,0.0
8.6250763281091e-05,0.0,-22.488889278472325,4.021220255465635,3.39,0.0
0.00010243232240993283,0.0,-39.75420060535448,4.620906739847813,4.026,0.0
0.00011858843883574191,0.0,-41.97104526357427,5.329313069799332,4.661,0.0
0.00011123549765927132,0.0,-45.110593434197604,5.104055247540442,4.372,0.0
0.00011087929981681255,0.0,-34.843940472675705,5.167256240887691,4.358,0.0
0.00010233055159780174,0.0,-41.98108074158449,4.601730792118473,4.022,0.0
8.729391410543458e-05,0.0,-16.28980930076222,4.178981140588474,3.431,0.0
0.00011528088744148179,0.0,-38.191803160051705,5.299845077249567,4.531,0.0
0.00014385304294728274,0.0,-74.35454261095992,6.290207319944766,5.654,0.0
0.0001041624262161612,0.0,-42.85067007554423,4.633240057323592,4.094,0.0
0.000112380419295746,0.0,-33.04443379335318,5.074150315444577,4.417,0.0
0.0001047730510889477,0.0,-46.81239680957241,4.739218617024058,4.118,0.0
0.00012718807246081825,0.0,-65.87451727806786,5.661521573143365,4.999,0.0
0.00012120903724811724,0.0,-32.47794982932639,5.657880221700701,4.764,0.0
0.00010619784245878283,0.0,-50.443642015477046,4.73024603481657,4.174,0.0
0.00011393242418074498,0.0,-48.81760084161479,5.166283286478457,4.478,0.0
0.00010678302462853655,0.0,-42.80151313107637,4.849565006532437,4.197,0.0
0.00010451862405861998,0.0,-30.327811632439598,4.826006508856235,4.108,0.0
9.113576226338287e-05,0.0,-29.33522021361387,4.178099290896651,3.582,0.0
0.00010724099328312639,0.0,-46.20839379925662,4.743054415901431,4.215,0.0
0.00011467026256869531,0.0,-71.372182730988,5.064273711690157,4.507,0.0
0.00013120801953999596,0.0,-65.14906390332594,5.83917674058972,5.157,0.0
9.355281905149603e-05,0.0,-12.183106069404596,4.441764108939029,3.677,0.0
0.00011947893344188887,0.0,-42.05427918112594,5.3560757204657605,4.696,0.0
0.00011863932424180745,0.0,-44.35169444459764,5.496014939374562,4.663,0.0
0.00011266028902910647,0.0,-38.35166321032874,5.036395162287381,4.428,0.0
0.00010535823325870142,0.0,-49.93840705076414,4.863077781670782,4.141,0.0
0.00010360268674944026,0.0,-40.66471950482674,4.786623352013286,4.072,0.0
0.0001262975778546713,0.0,-34.04112927750581,5.734509749890591,4.964,0.0
0.00012110726643598618,0.0,-42.56515472879676,5.610295315507224,4.76,0.0
0.0001240840626908203,0.0,-58.808082405591804,5.6162376967652765,4.877,0.0
9.996438021575411e-05,0.0,-32.177689606149826,4.590599243431497,3.929,0.0
0.00010469672297984938,0.0,-33.0925593725248,4.667882711989792,4.115,0.0
0.00011772338693262774,0.0,-38.29173853725142,5.437187941562718,4.627,0.0
0.00011436495013230206,0.0,-38.98031475351332,5.385874326172891,4.495,0.0
0.00011423773661713821,0.0,-52.20735923375539,5.182121934707966,4.49,0.0
9.647872990026461e-05,0.0,-37.42657081716416,4.2855731732786895,3.792,0.0
0.00011006513331976389,0.0,-36.40023356022361,5.073848599210503,4.326,0.0
0.00010441685324648892,0.0,-27.911538515415092,4.690165172021485,4.104,0.0
0.00010642682678607777,0.0,-36.17550761902265,4.705202814764219,4.183,0.0
0.00013021575412171788,0.0,-74.2957430341762,5.781160619325428,5.118,0.0
0.00010179625483411358,0.0,-29.525231789985853,4.645742230249498,4.001,0.0
0.00013113169143089763,0.0,-53.69498367969164,5.968831487091511,5.154,0.0
0.00010912375330755141,0.0,-49.59221456220353,4.8377522580762315,4.289,0.0
0.00010021880724608182,0.0,-41.96071137248761,4.505686464148499,3.939,0.0
0.0001031447180948504,0.0,-29.256246018409662,4.591639473640769,4.054,0.0
0.0001196315896600855,0.0,-46.61242895436853,5.375541136900061,4.702,0.0
0.00011217687767148382,0.0,-44.72705084011526,5.0701960435979245,4.409,0.0
0.00011980968858131488,0.0,-38.61930948623354,5.406223514285212,4.709,0.0
0.00012174333401180543,0.0,-51.49378548134415,5.499559742136865,4.785,0.0
0.00011362711174435172,0.0,-64.94723997971651,5.315600435606796,4.466,0.0
0.00010780073274984735,0.0,-53.390160298404965,4.9648218066759,4.237,0.0
0.0001218451048239365,0.0,-63.07577910321571,5.575210667280565,4.789,0.0
0.00010174536942804804,0.0,-38.7404934888899,4.61580602581838,3.999,0.0
8.653063301445144e-05,0.0,-21.0873225676391,4.113261516313204,3.401,0.0
0.00012746794219417872,0.0,-54.026733473814126,5.797722566520051,5.01,0.0
0.00011179523712599226,0.0,-68.20105308850486,4.9119007009655204,4.394,0.0
0.00011683289232648078,0.0,-36.156784866003285,5.259710942776085,4.592,0.0
0.00014634642784449423,0.0,-76.99490795213624,6.877753146399041,5.752,0.0
0.00012181966212090374,0.0,-51.607840476369596,5.481174933551511,4.788,0.0
9.385813148788928e-05,0.0,-33.30432241802633,4.226456847153033,3.689,0.0
0.00010075310400977,0.0,-50.07119681904907,4.603758317864269,3.96,0.0
8.245980052920823e-05,0.0,-18.243703745968073,3.765879240048872,3.241,0.0
0.00010276307754935885,0.0,-30.05087257234805,4.688590271207961,4.039,0.0
0.0001411306737227763,0.0,-69.37581709132824,6.589294888222895,5.547,0.0
0.0001019489110523102,0.0,-36.15386091451642,4.6784514429216975,4.007,0.0
0.0001074190922043558,0.0,-49.26450053997987,4.7653612865386625,4.222,0.0
0.00010965805007123958,0.0,-26.566446311162522,4.938761277057863,4.31,0.0
0.00012624669244860575,0.0,-46.54499191006899,5.853667324177549,4.962,0.0
0.00010716466517402809,0.0,-50.63698785785613,4.768705768902176,4.212,0.0
0.00010950539385304294,0.0,-38.86272202925448,4.977644538580542,4.304,0.0
7.821086912273558e-05,0.0,-13.825894323056085,3.6552981971069705,3.074,0.0
9.899755750050885e-05,0.0,-15.91240275841933,4.494201214205523,3.891,0.0
0.00010474760838591493,0.0,-24.855753518132712,4.9419489264449545,4.117,0.0
0.00012764604111540812,0.0,-78.86662706584991,5.7289335046131376,5.017,0.0
0.00011655302259312031,0.0,-33.97460260544637,5.482727802517413,4.581,0.0
0.00010355180134337471,0.0,-37.417837027739075,4.771939338853933,4.07,0.0
0.00011660390799918586,0.0,-53.99177973619432,5.195326766947603,4.583,0.0
0.0001202167718298392,0.0,-33.14602974840653,5.4403037016444085,4.725,0.0
9.767453694280481e-05,0.0,-36.86001773353342,4.522453896134467,3.839,0.0
0.00010355180134337473,0.0,-22.068140878156512,4.700149612599817,4.07,0.0
0.00011858843883574194,0.0,-79.91918397304504,5.34063538435664,4.661,0.0
0.00012372786484836148,0.0,-39.46510651277217,5.626752581079437,4.863,0.0
0.0001316659881945858,0.0,-51.25651019087751,5.944434148528905,5.175,0.0
0.00011080297170771424,0.0,-42.8104563930678,4.915108330521005,4.355,0.0
0.00011309281498066357,0.0,-51.39094061647943,5.048404905488317,4.445,0.0
9.530836556075719e-05,0.0,-30.310285189713298,4.329050383532392,3.746,0.0
0.00011001424791369835,0.0,-31.728450663572715,4.886548926862457,4.324,0.0
0.00011189700793812335,0.0,-40.697287570507235,5.179555941964283,4.398,0.0
0.00010601974353755343,0.0,-39.10382187245516,4.954749416758881,4.167,0.0
9.876857317321393e-05,0.0,-34.277078420905134,4.38516201612943,3.882,0.0
9.612253205780583e-05,0.0,-26.06290870488287,4.354043232595042,3.778,0.0
0.00010843680032566661,0.0,-37.63235708154994,4.894222527666765,4.262,0.0
9.390901689395481e-05,0.0,-32.09073347687483,4.184898844016964,3.691,0.0
0.00011413596580500713,0.0,-48.94950512814872,5.1045538363460246,4.486,0.0
0.00010441685324648892,0.0,-38.85591071453736,4.652178338118095,4.104,0.0
0.00012718807246081822,0.0,-36.09571673961046,6.138622646330669,4.999,0.0
0.00012179421941787095,0.0,-67.27218306063978,5.671704481678484,4.787,0.0
0.0001119478933441889,0.0,-22.47739853417861,5.092307068082897,4.4,0.0
0.00011085385711377978,0.0,-45.19150572178863,4.9200511801524724,4.357,0.0
0.00010034602076124567,0.0,-29.10103055963986,4.568974486518973,3.944,0.0
0.0001021270099735396,0.0,-25.755372780867503,4.660394586235406,4.014,0.0
0.00010660492570730715,0.0,-38.700569409255436,4.884922698814589,4.19,0.0
9.935375534296764e-05,0.0,-27.302119644295637,4.438434715252242,3.905,0.0
0.00010383167107673519,0.0,-23.413789485951057,4.673221513306646,4.081,0.0
0.0001197079177691838,0.0,-55.99064827241249,5.360944336617966,4.705,0.0
0.00011436495013230206,0.0,-33.0411607749914,5.09750454840473,4.495,0.0
0.0001110828414410747,0.0,-44.63684183906226,5.014144699145381,4.366,0.0
0.00011286383065336862,0.0,-30.569222005522363,5.081142609402226,4.436,0.0
0.00012762059841237532,0.0,-57.72114148104072,5.808999395613053,5.016,0.0
0.0001578974150213719,0.0,-150.47417940108292,6.758431092653137,6.206,0.0
9.991349480968859e-05,0.0,-63.22976502917806,4.5261263093775925,3.927,0.0
0.00010350091593730917,0.0,-39.71450774538333,4.778174910733316,4.068,0.0
0.00013296356604925708,0.0,-73.82001282634042,6.083203670867641,5.226,0.0
0.00010286484836148993,0.0,-34.92036126385364,4.63338303037905,4.043,0.0
0.00011309281498066356,0.0,-43.14466080681505,5.151722772917092,4.445,0.0
0.00012787502544270304,0.0,-68.96488355176822,5.727355961017176,5.026,0.0
0.0001132200284958274,0.0,-65.6064351293518,5.0473152210801455,4.45,0.0
0.00010968349277427233,0.0,-37.45916861077117,4.904042850620242,4.311,0.0
0.00012622124974557297,0.0,-47.41069411860955,5.738689359067709,4.961,0.0
0.00011143903928353349,0.0,-40.4811109403286,5.12997891590439,4.38,0.0
0.00011492468959902301,0.0,-41.19235345444583,5.190610434671302,4.517,0.0
0.00011930083452065948,0.0,-64.17226633825592,5.3092007277043765,4.689,0.0
0.00011863932424180745,0.0,-55.03638067230104,5.462887344584455,4.663,0.0
0.00010273763484632609,0.0,-26.433044268945626,4.611840888338823,4.038,0.0
0.00011016690413189498,0.0,-56.77748004052822,4.847452672223033,4.33,0.0
0.0001008294321188683,0.0,-33.10657397868541,4.554131463833653,3.963,0.0
0.0001196315896600855,0.0,-42.385440592420004,5.430079045112177,4.702,0.0
0.00010164359861591696,0.0,-32.23367339144706,4.654929679482122,3.995,0.0
9.462141257887238e-05,0.0,-33.47031108065741,4.3442706061662,3.719,0.0
0.00010683391003460208,0.0,-42.613176076997256,4.80173297615381,4.199,0.0
0.00010645226948911051,0.0,-43.22041329821994,4.856897649259557,4.184,0.0
0.00011461937716262978,0.0,-45.975474654910315,5.342485158047441,4.505,0.0
0.0001060451862405862,0.0,-18.64202152349645,4.981074202295825,4.168,0.0
0.00011141359658050072,0.0,-40.75668624665958,4.996604078816473,4.379,0.0
0.00012207408915123144,0.0,-34.32916241301682,5.55033456905526,4.798,0.0
0.00013410848768573175,0.0,-65.16070007335803,6.1100704406470365,5.271,0.0
9.831060451862405e-05,0.0,-30.808783948225937,4.555224941648886,3.864,0.0
9.296763688174231e-05,0.0,-36.765112164352445,4.2839052240895175,3.654,0.0
0.00013222572766130675,0.0,-45.80787196199372,5.919359146688324,5.197,0.0
0.00012545796865458985,0.0,-57.858667360835085,5.862480913835565,4.931,0.0
9.24842255241197e-05,0.0,-28.43005978521194,4.148293537048505,3.635,0.0
0.00010983614899246897,0.0,-42.26349291367242,4.91587511435881,4.317,0.0
0.00011031956035009159,0.0,-33.11194940755351,5.016079657624354,4.336,0.0
0.00011166802361082842,0.0,-28.09326748417264,4.984113444006789,4.389,0.0
0.00010515469163443924,0.0,-30.77246916844796,4.822292702350668,4.133,0.0
0.00012998676979442296,0.0,-59.59423135452763,5.737107756158765,5.109,0.0
0.00012100549562385509,0.0,-61.730442200249755,5.406569405154652,4.756,0.0
9.347649094239772e-05,0.0,-31.590576754216592,4.366372792293552,3.674,0.0
0.00010612151434968452,0.0,-46.16317834065099,4.754384182214299,4.171,0.0
0.00011009057602279668,0.0,-47.269769775096144,4.992751658085406,4.327,0.0
0.0001093781803378791,0.0,-39.30730423301593,5.1606191545765565,4.299,0.0
9.065235090576023e-05,0.0,-17.507548292115267,4.0731200588899785,3.563,0.0
0.00011523000203541625,0.0,-41.29008346327936,5.237793419101848,4.529,0.0
0.00011169346631386121,0.0,-41.01838414862142,4.936949848554679,4.39,0.0
0.00011128638306533686,0.0,-49.10364048587923,5.021131327419856,4.374,0.0
0.00010398432729493181,0.0,-41.288270683492875,4.612017802300898,4.087,0.0
9.714024017911662e-05,0.0,-53.39709520701645,4.446904112702882,3.818,0.0
9.833604722165684e-05,0.0,-39.59566078651206,4.401231697100276,3.865,0.0
0.00010825870140443722,0.0,-47.67796172294067,4.934190427158994,4.255,0.0
9.217891308772644e-05,0.0,-15.730234275684833,4.144912740263287,3.623,0.0
0.00010884388357419093,0.0,-46.59116177432172,4.99058248482966,4.278,0.0
9.968451048239365e-05,0.0,-29.948202395061628,4.635639422813574,3.918,0.0
0.00011807958477508651,0.0,-72.74741244119078,5.435862509672485,4.641,0.0
0.00010299206187665379,0.0,-27.67063734320679,4.721072255431485,4.048,0.0
0.00011192245064115612,0.0,-55.37142063849526,5.0080647824567635,4.399,0.0
0.00012001323020557704,0.0,-63.08991935199719,5.460318815395418,4.717,0.0
9.80307347852636e-05,0.0,-37.069145137517125,4.412767689113448,3.853,0.0
0.0001152808874414818,0.0,-42.62217753320913,5.2659478556159565,4.531,0.0
0.0001407999185833503,0.0,-71.6372726465721,6.176588465996996,5.534,0.0
0.00010355180134337471,0.0,-56.02167298134518,4.79964570897225,4.07,0.0
0.00011291471605943416,0.0,-43.43718029850945,5.1014725874167945,4.438,0.0
0.00010080398941583555,0.0,-40.297978191121715,4.620761580684746,3.962,0.0
0.0001211581518420517,0.0,-55.04576117611726,5.356990912216021,4.762,0.0
0.00010579075921025849,0.0,-32.15144594758952,4.715865768469108,4.158,0.0
0.00010782617545288012,0.0,-28.331672344325153,5.14731123086217,4.238,0.0
0.00010556177488296357,0.0,-54.45113361361671,4.9890036067363015,4.149,0.0
0.00011075208630164867,0.0,-62.62614292938585,4.9883611625678626,4.353,0.0
9.688581314878892e-05,0.0,-31.115726909838735,4.473653814182497,3.808,0.0
0.00013644921636474662,0.0,-56.28649490480623,6.077207383120864,5.363,0.0
0.00011316914308976187,0.0,-63.234554304581195,5.1261129990297,4.448,0.0
0.00011304192957459802,0.0,-38.97838241099293,5.054315683393739,4.443,0.0
9.617341746387136e-05,0.0,-20.37457415233252,4.31219433425087,3.78,0.0
0.0001337014044372074,0.0,-59.38976947397732,6.004635739449642,5.255,0.0
0.00010512924893140647,0.0,-48.36983885614331,4.762117907868324,4.132,0.0
0.00010973437818033789,0.0,-43.146647725498696,4.924986758375192,4.313,0.0
0.00011807958477508651,0.0,-48.97828801950268,5.455416591187826,4.641,0.0
0.00012120903724811724,0.0,-43.21891061857461,5.4180453354112315,4.764,0.0
0.0001168837777325463,0.0,-33.46270652020974,5.356283402625072,4.594,0.0
8.04243842865866e-05,0.0,-18.207952012724814,3.707588696328542,3.161,0.0
9.189904335436596e-05,0.0,-18.10287141900415,4.156357217235601,3.612,0.0
9.284042336657846e-05,0.0,-43.41090782668211,4.090858770398705,3.649,0.0
0.00010894565438632201,0.0,-54.255928749899276,4.918509620962231,4.282,0.0
0.00010205068186444131,0.0,-45.842477561848035,4.722223461911357,4.011,0.0
0.00010250865051903114,0.0,-50.72238165199088,4.589720533468578,4.029,0.0
0.00011001424791369837,0.0,-51.90117645643346,4.835326877259922,4.324,0.0
0.00010772440464074904,0.0,-31.243602806326432,4.8709524011485685,4.234,0.0
0.00010741909220435579,0.0,-28.343039373120774,4.840007200657698,4.222,0.0
0.00011897007938123347,0.0,-40.307592796166695,5.3817960038923305,4.676,0.0
9.97353958884592e-05,0.0,-22.16289820271744,4.698151879886939,3.92,0.0
0.00010897109708935478,0.0,-54.391451190697275,5.269593102203673,4.283,0.0
0.00012662833299409732,0.0,-32.604198836168685,5.8099106174432835,4.977,0.0
0.00010497659271320986,0.0,-42.053486460407576,4.737829850509522,4.126,0.0
0.00010070221860370446,0.0,-19.34785958325377,4.533637257154903,3.958,0.0
0.000120903724811724,0.0,-45.03151226240003,5.366049634176433,4.752,0.0
8.950742926928557e-05,0.0,-12.126628907427543,4.357790180937288,3.518,0.0
9.541013637288827e-05,0.0,-31.52661902135682,4.350944754957366,3.75,0.0
0.00010685935273763485,0.0,-24.00242912536941,5.079381446838026,4.2,0.0
0.00011215143496845106,0.0,-31.414235066274685,5.196944327079791,4.408,0.0
0.00010009159373091797,0.0,-29.39095589069084,4.797097922813728,3.934,0.0
0.00010892021168328923,0.0,-27.138997726224805,4.906714857754474,4.281,0.0
0.00012047119886016692,0.0,-64.67451131211472,5.6016619843217645,4.735,0.0
8.96600854874822e-05,0.0,-27.451081865218438,4.014108452615807,3.524,0.0
0.00010482393649501323,0.0,-32.08013811666202,4.920034760667876,4.12,0.0
0.00010487482190107877,0.0,-18.316328426881853,4.718371327652978,4.122,0.0
9.35019336454305e-05,0.0,-28.940026474236557,4.260419663462124,3.675,0.0
9.548646448198655e-05,0.0,-32.63937267984265,4.3346066201985884,3.753,0.0
9.459596987583962e-05,0.0,-25.261978746175853,4.262439881382348,3.718,0.0
0.00010637594138001222,0.0,-35.36161468280833,4.845362120929927,4.181,0.0
0.00010398432729493181,0.0,-35.422123563871544,4.659058576160723,4.087,0.0
0.000122124974557297,0.0,-64.99193856267404,5.738025646324788,4.8,0.0
0.00011843578261754529,0.0,-40.058395817327806,5.468795467362983,4.655,0.0
9.513026663952778e-05,0.0,-26.224562871634124,4.311607741876251,3.739,0.0
0.00010693568084673316,0.0,-44.83772570077856,4.920368560834726,4.203,0.0
9.263688174231633e-05,0.0,-23.085362944976428,4.242149497821678,3.641,0.0
0.00012001323020557704,0.0,-51.615198921449675,5.435363245713773,4.717,0.0
9.680948503969061e-05,0.0,-34.729732370875396,4.449561401570413,3.805,0.0
0.0001006767759006717,0.0,-35.796495275481774,4.668048414139712,3.957,0.0
8.543659678404234e-05,0.0,-18.074354203745838,3.884324746817697,3.358,0.0
0.00010678302462853654,0.0,-29.909880997911554,4.785897687470034,4.197,0.0
0.00010253409322206392,0.0,-50.046542548851555,4.6056903954438395,4.03,0.0
9.296763688174232e-05,0.0,-48.36334280862377,4.252856324745201,3.654,0.0
0.00011624771015672706,0.0,-52.87274204956983,5.242690619211759,4.569,0.0
0.00013041929574598006,0.0,-56.28162409092812,5.985334986768601,5.126,0.0
0.00010197435375534297,0.0,-22.548224608283032,4.694352085135681,4.008,0.0
0.00011263484632607368,0.0,-37.11397421896889,5.037795730843001,4.427,0.0
8.978729900264603e-05,0.0,-25.41976400388765,4.048852640259549,3.529,0.0
0.0001090474251984531,0.0,-62.50368604779679,4.84010125693916,4.286,0.0
0.00011123549765927132,0.0,-38.3496205620762,5.007975269167069,4.372,0.0
0.00010925096682271524,0.0,-44.95634321036082,4.973973441792196,4.294,0.0
0.00010286484836148993,0.0,-28.947737992929504,4.6269009639677074,4.043,0.0
0.00011958070425401996,0.0,-29.64267180708405,5.508092991602467,4.7,0.0
8.20527172806839e-05,0.0,-19.561563997690264,3.762382799330957,3.225,0.0
0.00011311825768369632,0.0,-42.05159478728338,5.177980158888337,4.446,0.0
0.0001031447180948504,0.0,-29.399319138506335,4.699290085006082,4.054,0.0
9.225524119682475e-05,0.0,-79.62656401697629,4.122928769270784,3.626,0.0
0.00010950539385304294,0.0,-40.26202022132199,4.993369331082184,4.304,0.0
0.00011337268471402402,0.0,-46.57070260667821,5.03157081576291,4.456,0.0
0.00010716466517402809,0.0,-33.79781443230676,4.894386529584374,4.212,0.0
0.00011238041929574598,0.0,-45.77756241737804,5.141671932252061,4.417,0.0
0.00010021880724608181,0.0,-27.172183429783665,4.47406771057359,3.939,0.0
9.645328719723184e-05,0.0,-38.674878455558705,4.28177409376865,3.791,0.0
0.00011444127824140038,0.0,-31.694249181680615,5.1154874513725135,4.498,0.0
0.00012538164054549155,0.0,-69.43079615127064,5.675440112148096,4.928,0.0
0.00010754630571951965,0.0,-29.59595717356145,4.975616869496216,4.227,0.0
0.00013011398330958678,0.0,-50.0764797247478,5.996572511205385,5.114,0.0
0.00011975880317524935,0.0,-53.904909165194425,5.558337953981512,4.707,0.0
0.00011054854467738654,0.0,-32.436149519301715,4.994317674984115,4.345,0.0
0.00011316914308976187,0.0,-27.39671946783433,5.09672817267895,4.448,0.0
0.00012489822918786893,0.0,-65.32951071892546,5.5030806690107585,4.909,0.0
0.00010131284347649095,0.0,-33.1440460971702,4.5747801732336075,3.982,0.0
0.00011166802361082842,0.0,-60.5332281738544,5.1372643223645245,4.389,0.0
0.00011729086098107064,0.0,-43.28647711072429,5.249535835471846,4.61,0.0
0.00010502747811927541,0.0,-38.014954698672774,4.741164991824507,4.128,0.0
0.00011029411764705881,0.0,-39.742221161560884,5.026527971326164,4.335,0.0
0.00012166700590270711,0.0,-69.5599634461028,5.461494494650393,4.782,0.0
0.00010645226948911051,0.0,-35.48716310976265,4.716237314226407,4.184,0.0
0.0001291726032973743,0.0,-38.933306565349575,5.776799582938029,5.077,0.0
0.00011693466313861186,0.0,-44.269324293142446,5.2710877441549115,4.596,0.0
0.00012309179727254226,0.0,-42.08495795778332,5.631715626001589,4.838,0.0
0.00012319356808467334,0.0,-69.13264365043692,5.542723691968341,4.842,0.0
9.864135965805007e-05,0.0,-34.13825167515065,4.412709100486124,3.877,0.0
0.00010892021168328925,0.0,-32.539980493134806,4.919358407860762,4.281,0.0
0.00010719010787706088,0.0,-24.374277312026933,4.923689276669443,4.213,0.0
0.00011444127824140038,0.0,-70.96259468735015,5.128949093820571,4.498,0.0
0.00011975880317524936,0.0,-70.33824153108758,5.366443359948531,4.707,0.0
0.00011098107062894364,0.0,-50.69534910758275,5.043516343943947,4.362,0.0
0.00011975880317524935,0.0,-59.81490556223337,5.305131820663357,4.707,0.0
0.00011696010584164462,0.0,-38.67028238096143,5.256285001165528,4.597,0.0
0.00013319255037655203,0.0,-83.26485083162436,5.908793287361281,5.235,0.0
9.955729696722981e-05,0.0,-31.59648483596341,4.46876002122243,3.913,0.0
0.00011624771015672707,0.0,-42.48148019810226,5.193594366047857,4.569,0.0
0.00010530734785263587,0.0,-37.69549537312394,4.7200727947564625,4.139,0.0
9.630063097903523e-05,0.0,-29.573706270766152,4.363887918834286,3.785,0.0
9.902300020354163e-05,0.0,-46.83982788175043,4.4322562290282645,3.892,0.0
0.00010472216568288215,0.0,-28.934111700652302,4.8905450519138025,4.116,0.0
0.00011390698147771219,0.0,-47.76104082257954,5.044891683513756,4.477,0.0
0.0001222013026663953,0.0,-57.091012254705085,5.577131967269804,4.803,0.0
0.00010500203541624263,0.0,-42.90530615020001,4.8059666349460235,4.127,0.0
0.0001123040911866477,0.0,-45.112159127085555,5.155323397352652,4.414,0.0
0.00013125890494606146,0.0,-65.21311743427322,5.9774950223919925,5.159,0.0
9.787807856706698e-05,0.0,-18.362458471045045,4.532146832673724,3.847,0.0
9.436698554854468e-05,0.0,-20.92945520012108,4.254214593454462,3.709,0.0
9.09322206391207e-05,0.0,-23.490890666453716,4.062955817297861,3.574,0.0
0.00011390698147771219,0.0,-37.12241159245306,5.123264056479069,4.477,0.0
0.00012589049460614695,0.0,-59.15361806645094,5.565753425320024,4.948,0.0
0.000102635864034195,0.0,-20.26181731818295,4.622358527299463,4.034,0.0
0.00011225320578058212,0.0,-50.31507459335851,5.122430846778903,4.412,0.0
0.00011533177284754734,0.0,-47.42873805989193,5.139298511914201,4.533,0.0
0.00011856299613270915,0.0,-61.71657329399258,5.738709369089519,4.66,0.0
0.00011723997557500509,0.0,-57.57326945871487,5.4032575575962305,4.608,0.0
0.00011062487278648484,0.0,-42.74359408802641,5.1451946484753375,4.348,0.0
0.00012161612049664156,0.0,-38.56239848903055,5.481866795371754,4.78,0.0
0.00012316812538164053,0.0,-79.46386967476475,5.365408671919534,4.841,0.0
0.00013647465906777936,0.0,-57.978290897670256,6.072959100908906,5.364,0.0
0.00013100447791573378,0.0,-61.58590370676537,5.924530966318845,5.149,0.0
0.00011439039283533484,0.0,-44.85816759614665,5.107338255951344,4.496,0.0
0.00010846224302869936,0.0,-38.771639723640675,4.835919901673868,4.263,0.0
0.0001257887237940159,0.0,-46.43229143969078,5.700483444549114,4.944,0.0
9.869224506411562e-05,0.0,-41.377008805346506,4.423972753756859,3.879,0.0
9.996438021575412e-05,0.0,-28.293626519888726,4.524391481601995,3.929,0.0
0.0001245674740484429,0.0,-65.87704787488482,5.547306585595775,4.896,0.0
8.75992265418278e-05,0.0,-19.391938282436755,3.98741727798264,3.443,0.0
0.00010556177488296357,0.0,-39.53621436699803,4.733447560910783,4.149,0.0
0.00012326989619377163,0.0,-65.36248408012206,5.471101794483692,4.845,0.0
0.00010345003053124365,0.0,-41.30275582042328,4.762814425740073,4.066,0.0
0.00010701200895583146,0.0,-39.042893379564866,4.9300716199323285,4.206,0.0
0.00010841135762263382,0.0,-30.297735490118487,4.874767877948116,4.261,0.0
0.000118690209647873,0.0,-55.77944484644158,5.256443899208813,4.665,0.0
0.00011192245064115612,0.0,-51.40307764895834,4.944900825337136,4.399,0.0
0.00012125992265418278,0.0,-53.95660137299291,5.622004018752092,4.766,0.0
0.00011744351719926727,0.0,-49.0204976175053,5.284040387450203,4.616,0.0
0.00011497557500508854,0.0,-32.60779202653346,5.1235438674319385,4.519,0.0
0.00011324547119886017,0.0,-35.56473578391189,5.219036485929928,4.451,0.0
0.00010240687970690007,0.0,-33.47013258283988,4.587064527523254,4.025,0.0
0.00010395888459189906,0.0,-37.45090646698956,4.613745715969511,4.086,0.0
0.00010154182780378587,0.0,-33.41211583661719,4.60920245641669,3.991,0.0
0.0001357877060858946,0.0,-60.25922508572037,6.0840057467664375,5.337,0.0
0.00010423875432525954,0.0,-41.24448571693992,4.748497919863401,4.097,0.0
0.00013408304498269897,0.0,-53.429001709608826,6.129008509886111,5.27,0.0
9.736922450641156e-05,0.0,-41.752580562657954,4.365566889887868,3.827,0.0
0.00011179523712599226,0.0,-41.59793831954238,5.091850397373443,4.394,0.0
0.00010543456136779972,0.0,-42.115122826275446,4.75482520383111,4.144,0.0
0.00010479849379198046,0.0,-42.11525283915469,4.719463925539251,4.119,0.0
0.00010561266028902912,0.0,-36.00221779698521,4.742375599302644,4.151,0.0
9.73437818033788e-05,0.0,-27.264913407100057,4.42544876599971,3.826,0.0
8.92275595359251e-05,0.0,-32.02923151078158,4.018331637202397,3.507,0.0
0.00010510380622837371,0.0,-20.53722527098305,4.912682060448942,4.131,0.0
0.0001241603907999186,0.0,-54.39506941737974,5.688720949641398,4.88,0.0
9.762365153673927e-05,0.0,-43.77199625819999,4.3748313802572465,3.837,0.0
0.00012377875025442703,0.0,-32.66619090343907,5.594658303237291,4.865,0.0
0.00010332281701607979,0.0,-25.138395507798354,4.819958629360095,4.061,0.0
0.00010296661917362102,0.0,-51.51831972796337,4.656244586091627,4.047,0.0
0.00010446773865255446,0.0,-38.20370901707058,4.850024285083314,4.106,0.0
8.815896600854875e-05,0.0,-20.276685646173515,4.015575326209574,3.465,0.0
0.00011047221656828821,0.0,-40.412778584902824,4.933406157999701,4.342,0.0
0.0001093781803378791,0.0,-31.963682318290463,5.003768688410654,4.299,0.0
0.00012650111947893345,0.0,-55.028776909907506,5.64017256344254,4.972,0.0
0.00011011601872582944,0.0,-51.39315797299756,5.037142213923546,4.328,0.0
0.00010998880521066559,0.0,-45.34246211825697,4.948320781688076,4.323,0.0
9.790352127009974e-05,0.0,-29.842472528658377,4.588879413961632,3.848,0.0
0.00010464583757378383,0.0,-37.368063822310326,4.732714066110086,4.113,0.0
0.00010599430083452067,0.0,-41.15775272475243,4.720687158056376,4.166,0.0
9.823427640952576e-05,0.0,-34.718591450022956,4.388210419426822,3.861,0.0
0.00010568898839812742,0.0,-51.35096913774129,4.797703933491348,4.154,0.0
0.0001107520863016487,0.0,-38.02274360051506,5.030223225969625,4.353,0.0
0.00010724099328312641,0.0,-39.546140526903045,4.833459914572043,4.215,0.0
0.00013410848768573175,0.0,-57.382559754020974,6.223312771398321,5.271,0.0
0.00011019234683492775,0.0,-33.05576267184812,5.042175763875898,4.331,0.0
0.00011879198046000409,0.0,-57.221786162629144,5.38274487581783,4.669,0.0
0.00011581518420516997,0.0,-56.01502483183637,5.1061433754156225,4.552,0.0
0.00012077651129656015,0.0,-46.255693561092535,5.487150862515064,4.747,0.0
0.00010983614899246897,0.0,-48.03254855406562,4.864776316382442,4.317,0.0
9.739466720944433e-05,0.0,-40.150928069883705,4.560778254946574,3.828,0.0
9.627518827600245e-05,0.0,-34.10462652300067,4.447952456090648,3.784,0.0
0.00010001526562181968,0.0,-33.131991197795145,4.517712139028838,3.931,0.0
0.00010767351923468349,0.0,-36.358065766678685,4.78673576882389,4.232,0.0
0.00010970893547730512,0.0,-55.77826502608384,4.929622422558663,4.312,0.0
0.0001307246081823733,0.0,-62.20716786819068,5.808771914908472,5.138,0.0
0.00010998880521066559,0.0,-37.02702139768974,4.9368661981549655,4.323,0.0
0.00012418583350295138,0.0,-54.70088552314648,5.577223653912415,4.881,0.0
9.841237533075514e-05,0.0,-34.37552687427689,4.503799776461357,3.868,0.0
8.882047628740077e-05,0.0,-26.525395769735596,3.964447677741355,3.491,0.0
0.00011879198046000409,0.0,-64.08788464866196,5.277001754992091,4.669,0.0
0.00010920008141664972,0.0,-48.75645099371407,4.855192642913659,4.292,0.0
0.00011393242418074498,0.0,-29.69471394645153,5.176713966234983,4.478,0.0
0.00010286484836148993,0.0,-38.35827423183326,4.687700983503066,4.043,0.0
9.813250559739468e-05,0.0,-30.143511000364686,4.431769605398612,3.857,0.0
0.00011538265825361287,0.0,-26.208568091225267,5.373752201765379,4.535,0.0
0.00010790250356197842,0.0,-55.729020412427516,4.81462801668641,4.241,0.0
0.00011823224099328314,0.0,-43.75021947596405,5.342603228469899,4.647,0.0
0.0001072409932831264,0.0,-45.878035788173165,4.795102811123064,4.215,0.0
0.00011128638306533686,0.0,-38.4905071696181,5.106479356452275,4.374,0.0
0.0001232953388968044,0.0,-36.78383189878377,5.481815872645084,4.846,0.0
9.579177691837981e-05,0.0,-24.60167018665855,4.289486354795104,3.765,0.0
0.00011754528801139835,0.0,-43.69158332967035,5.271682807884816,4.62,0.0
0.00010398432729493182,0.0,-42.68718125711696,4.626395158534605,4.087,0.0
0.00010917463871361693,0.0,-44.2478304560473,4.918326461924705,4.291,0.0
0.00012332078159983716,0.0,-59.04772847433307,5.523782279745401,4.847,0.0
9.80307347852636e-05,0.0,-18.874657168229714,4.480108216722888,3.853,0.0
0.00011495013230205577,0.0,-50.34522022962918,5.624563524098558,4.518,0.0
0.00010105841644616325,0.0,-31.486543673611006,4.64255275241806,3.972,0.0
9.098310604518626e-05,0.0,-24.582657705261205,4.217265855516621,3.576,0.0
0.00010490026460411156,0.0,-28.02328373310315,4.6836874671538045,4.123,0.0
0.00012706085894565442,0.0,-45.23318556259501,5.754541662220631,4.994,0.0
0.00010210156727050682,0.0,-34.28228531302392,4.59222002273938,4.013,0.0
0.00011548442906574396,0.0,-55.97424857639079,5.157564274168374,4.539,0.0
0.00012375330755139428,0.0,-54.93439977563982,5.642307402538152,4.864,0.0
9.395990230002036e-05,0.0,-24.60590606468224,4.182502830314078,3.693,0.0
0.00011166802361082842,0.0,-31.41029479119794,5.089089245049008,4.389,0.0
0.0001110828414410747,0.0,-33.17960789396793,5.0369960920361505,4.366,0.0
0.00010594341542845512,0.0,-32.914502284078424,4.7467263907178605,4.164,0.0
9.935375534296764e-05,0.0,-32.92175935048182,4.672081388420167,3.905,0.0
9.988805210665583e-05,0.0,-30.272629910870577,4.558864483196463,3.926,0.0
0.00010207612456747406,0.0,-23.49444174509017,4.718929839254348,4.012,0.0
9.596987583960921e-05,0.0,-22.941038996572352,4.366007094370872,3.772,0.0
9.492672501526563e-05,0.0,-38.11576399991763,4.328829430415957,3.731,0.0
0.00010060044779157337,0.0,-15.907299656346943,4.600665640259114,3.954,0.0
9.612253205780583e-05,0.0,-36.64980157754764,4.415483926194493,3.778,0.0
0.00011380521066558113,0.0,-32.37347614647278,5.295560974720643,4.473,0.0
8.480052920822309e-05,0.0,-16.640875733559618,3.8729727419787636,3.333,0.0
0.00010291573376755548,0.0,-51.89538721148761,4.665143286370227,4.045,0.0
0.00011525544473844902,0.0,-38.89485814769209,5.27132526679244,4.53,0.0
0.0001054600040708325,0.0,-31.170455950256947,4.819777604753549,4.145,0.0
9.675859963362509e-05,0.0,-41.510254155535144,4.327391130078758,3.803,0.0
0.00013573682067982904,0.0,-62.019357628664785,6.114204570618218,5.335,0.0
9.94809688581315e-05,0.0,-35.11240967221159,4.503400423883187,3.91,0.0
0.00011456849175656423,0.0,-48.24377000321218,5.1488345635389505,4.503,0.0
0.00010512924893140647,0.0,-25.339755178758946,4.719331103213975,4.132,0.0
9.624974557296969e-05,0.0,-23.3668166535543,4.402885191810647,3.783,0.0
0.00010352635864034196,0.0,-35.27943554466684,4.657631655079671,4.069,0.0
0.00010594341542845513,0.0,-33.54148343759503,4.780184374382013,4.164,0.0
9.658050071239569e-05,0.0,-29.00628167398999,4.308356995671774,3.796,0.0
0.00012484734378180338,0.0,-52.62691142208033,5.596633405530489,4.907,0.0
0.00011034500305312436,0.0,-45.391941879689625,4.918454091990403,4.337,0.0
0.0001090474251984531,0.0,-52.09392021820307,4.988319391990493,4.286,0.0
0.00010487482190107878,0.0,-25.980208642205252,4.874025332785446,4.122,0.0
0.00010573987380419297,0.0,-42.50917157405151,4.7425959807736575,4.156,0.0
0.00011723997557500509,0.0,-55.47166135790084,5.16748860096622,4.608,0.0
0.00011253307551394261,0.0,-46.18617316666865,5.056474750592117,4.423,0.0
0.00011431406472623653,0.0,-51.519051122932794,5.118443744310211,4.493,0.0
0.00011805414207205374,0.0,-52.60301597676417,5.351428061620409,4.64,0.0
0.00011797781396295543,0.0,-35.08177900146837,5.512069603378536,4.637,0.0
0.00010754630571951965,0.0,-39.03035168790167,4.795417521402644,4.227,0.0
0.00010688479544066761,0.0,-54.03010754649008,4.710883741078927,4.201,0.0
0.00010360268674944028,0.0,-30.52359335799689,4.662939901602796,4.072,0.0
0.00012993588438835744,0.0,-53.46967814508475,5.822640093202461,5.107,0.0
0.00011385609607164665,0.0,-48.73496864341502,5.156376375555182,4.475,0.0
9.141563199674334e-05,0.0,-32.3505634737796,4.144192451426752,3.593,0.0
9.833604722165684e-05,0.0,-21.649366337631996,4.451755599788865,3.865,0.0
0.00011802869936902096,0.0,-41.51025527259543,5.389897743909498,4.639,0.0
0.00011009057602279667,0.0,-31.043308126359452,4.996537613361923,4.327,0.0
0.00012929981681253816,0.0,-66.72884063621558,5.824076899941634,5.082,0.0
0.0001181813555872176,0.0,-40.77263243874402,5.289068386465246,4.645,0.0
0.00011365255444738449,0.0,-43.059037113880684,5.0528778110941985,4.467,0.0
0.0001166293507022186,0.0,-33.22881721247016,5.194877743453176,4.584,0.0
0.00012576328109098313,0.0,-52.10427170933497,5.635615022402306,4.943,0.0
0.00011103195603500916,0.0,-31.681801835318293,4.986067932216323,4.364,0.0
0.0001087929981681254,0.0,-36.91396136271525,5.010159410778506,4.276,0.0
0.00011858843883574193,0.0,-43.90567320603589,5.678159085479019,4.661,0.0
0.0001229391410543456,0.0,-51.79069170628037,5.645689662846032,4.832,0.0
0.00010072766130673725,0.0,-57.340631299910804,4.608090159458246,3.959,0.0
0.00010772440464074904,0.0,-45.454095225020154,4.991144907346394,4.234,0.0
0.00010942906574394464,0.0,-51.964456117320125,4.891107179706962,4.301,0.0
0.00011413596580500713,0.0,-32.05830436950327,5.2926862166085,4.486,0.0
0.00010370445756157135,0.0,-27.29092872428551,4.720964947143529,4.076,0.0
0.00010431508243435784,0.0,-24.42639203850413,4.71197484238908,4.1,0.0
0.00010683391003460208,0.0,-67.97241765339187,4.682368193438198,4.199,0.0
9.996438021575412e-05,0.0,-46.800905671076656,4.4308276937154,3.929,0.0
0.00011113372684714025,0.0,-56.64161021908947,5.075927471544108,4.368,0.0
9.454508446977407e-05,0.0,-30.47865737732747,4.359286654082333,3.716,0.0
0.00012497455729696723,0.0,-46.78346793900685,5.881929810343162,4.912,0.0
0.00010467128027681661,0.0,-29.29400955145017,4.744522542082546,4.114,0.0
8.851516385100754e-05,0.0,-25.925905556379654,3.993171694025588,3.479,0.0
0.00011459393445959699,0.0,-39.75897379725926,5.157043696512115,4.504,0.0
0.00011329635660492572,0.0,-35.43452593719038,5.086102344834977,4.453,0.0
0.00011337268471402402,0.0,-34.656489653549635,5.143432020941444,4.456,0.0
0.000118690209647873,0.0,-52.65882550036646,5.344570327925838,4.665,0.0
0.00012446570323631183,0.0,-47.31272968293923,5.737933591830915,4.892,0.0
0.00011362711174435172,0.0,-45.21817078268899,5.108739536037014,4.466,0.0
9.77508650519031e-05,0.0,-27.52951758173965,4.4326047843097856,3.842,0.0
0.00010350091593730917,0.0,-20.759659702021892,4.71684416220059,4.068,0.0
0.0001162222674536943,0.0,-46.44410651018744,5.355337858305863,4.568,0.0
0.00010240687970690007,0.0,-24.233196066282865,4.599010036567333,4.025,0.0
0.00011886830856910239,0.0,-60.28698996054036,5.370069945363703,4.672,0.0
0.00010548544677386526,0.0,-35.05098311572377,4.750480052659199,4.146,0.0
0.0001230409118664767,0.0,-58.69474446238419,5.612383051404562,4.836,0.0
9.617341746387136e-05,0.0,-21.521248763817436,4.341478241742528,3.78,0.0
0.00013497353958884592,0.0,-71.00955432239128,6.066900257978101,5.305,0.0
0.00011517911662935071,0.0,-52.8452798408678,5.218878956991707,4.527,0.0
8.785365357215552e-05,0.0,-27.264082633833183,4.131986446150884,3.453,0.0
0.00012479645837573785,0.0,-80.45204980140097,5.499792724287017,4.905,0.0
9.831060451862405e-05,0.0,-24.106250265485993,4.469163932071397,3.864,0.0
0.0001122023203745166,0.0,-34.5135615323182,5.066831589042293,4.41,0.0
0.00012596682271524527,0.0,-62.40517008359606,5.698606941074144,4.951,0.0
0.00010647771219214329,0.0,-38.22694400318751,5.001660053990623,4.185,0.0
0.00010182169753714634,0.0,-31.548752851800415,4.571428132174163,4.002,0.0
0.00010322104620394871,0.0,-34.996517220505865,4.678669575782337,4.057,0.0
0.00010907286790148586,0.0,-37.38930579739089,4.997278628724389,4.287,0.0
0.00012110726643598618,0.0,-63.723977371924406,5.398149377353791,4.76,0.0
8.866782006920415e-05,0.0,-19.85217176092235,4.028068680600859,3.485,0.0
0.00012472013026663956,0.0,-37.74976529170599,5.6708872796326615,4.902,0.0
0.00011001424791369835,0.0,-41.50621040889288,4.889403221274506,4.324,0.0
0.00010746997761042135,0.0,-36.084057588180485,4.833939273659229,4.224,0.0
0.00010428963973132505,0.0,-20.018570201424065,4.696561432659229,4.099,0.0
0.00012726440056991657,0.0,-55.07199581593037,5.682684919744399,5.002,0.0
9.874313047018115e-05,0.0,-27.138285908865218,4.5093287559135184,3.881,0.0
0.00011141359658050074,0.0,-48.21117721641301,5.045374526610786,4.379,0.0
9.864135965805007e-05,0.0,-27.95015617914417,4.5297562739424135,3.877,0.0
7.884693669855487e-05,0.0,-15.264260659455296,3.5913509338935734,3.099,0.0
0.00011482291878689194,0.0,-69.6769643750283,5.176347412436967,4.513,0.0
0.00011049765927132099,0.0,-51.261404251915856,4.936655018065836,4.343,0.0
0.00011059943008345208,0.0,-39.32319916858821,4.917524664010886,4.347,0.0
0.00012153979238754327,0.0,-48.70643345289054,5.5259598317852,4.777,0.0
0.0001094799511500102,0.0,-41.7051368527848,4.9302202634740535,4.303,0.0
0.00010958172196214127,0.0,-46.87162850214368,4.941965753277314,4.307,0.0
0.00010754630571951965,0.0,-53.11151670780253,4.748276757305066,4.227,0.0
9.691125585182171e-05,0.0,-28.47662131416187,4.410071960329091,3.809,0.0
9.693669855485449e-05,0.0,-30.52240986859473,4.479876324431112,3.81,0.0
0.00010869122735599431,0.0,-36.41083472480034,4.9782024085771726,4.272,0.0
9.591899043354365e-05,0.0,-34.65653406439018,4.447947252824737,3.77,0.0
9.266232444534909e-05,0.0,-31.42767647353816,4.155671286665041,3.642,0.0
9.899755750050885e-05,0.0,-25.605373151427855,4.429136303337077,3.891,0.0
0.00010133828617952373,0.0,-20.737379630868737,4.566167036052878,3.983,0.0
0.00011400875228984328,0.0,-41.438787615604774,5.181892652973464,4.481,0.0
0.00010500203541624265,0.0,-38.37667317085821,4.685181553176843,4.127,0.0
0.00013489721147974765,0.0,-62.85685163574012,5.9222702512042344,5.302,0.0
0.00010159271320985142,0.0,-33.68914804190891,4.609767373155029,3.993,0.0
0.00010823325870140445,0.0,-44.56409711015978,4.798763988191735,4.254,0.0
0.00010245776511296562,0.0,-40.44972387631344,4.542335823446502,4.027,0.0
0.00010032057805821291,0.0,-28.695244866390617,4.526027912611114,3.943,0.0
0.00011156625279869734,0.0,-40.052654601923685,5.05149395818003,4.385,0.0
0.00010253409322206392,0.0,-18.72644943185243,4.597916621224841,4.03,0.0
0.00011123549765927132,0.0,-38.13719611494342,5.008236363620926,4.372,0.0
0.00010922552411968248,0.0,-39.86672977043391,4.888241815206282,4.293,0.0
0.00010411154081009566,0.0,-28.425964335469928,4.687123307630359,4.092,0.0
0.00010935273763484632,0.0,-75.96267844116784,4.962854914680024,4.298,0.0
0.00011640036637492368,0.0,-64.09644237226824,5.177330455207259,4.575,0.0
9.915021371870548e-05,0.0,-25.993197988280386,4.502573855361872,3.897,0.0
0.00010769896193771627,0.0,-34.97033366909853,4.796766409495877,4.233,0.0
0.00011757073071443112,0.0,-48.40564300851991,5.409783435285727,4.621,0.0
9.523203745165887e-05,0.0,-23.520271790400564,4.350165173362954,3.743,0.0
0.00010866578465296153,0.0,-62.02521628815947,4.828877605272692,4.271,0.0
0.000114924689599023,0.0,-54.978795135269735,5.325791796983263,4.517,0.0
0.00011230409118664767,0.0,-39.30862099772674,5.033437230729217,4.414,0.0
0.00011774882963566052,0.0,-47.35313921524328,5.255990673366009,4.628,0.0
9.937919804600041e-05,0.0,-35.91335710744723,4.422666445568086,3.906,0.0
0.00012566151027885203,0.0,-40.538218717608075,5.678690205710876,4.939,0.0
8.960920008141665e-05,0.0,-14.681432530759903,4.041181547752376,3.522,0.0
0.00013339609200081417,0.0,-62.9498894206816,6.11335695624527,5.243,0.0
0.0001078516181559129,0.0,-43.54970448535545,4.849328481509845,4.239,0.0
0.00010902198249542032,0.0,-35.28159552946253,4.867728907039091,4.285,0.0
9.32475066151028e-05,0.0,-33.552288900760175,4.364113960643741,3.665,0.0
0.00010851312843476492,0.0,-42.045893374884805,4.942965762495571,4.265,0.0
0.00011899552208426625,0.0,-39.25951412896011,5.334539409537593,4.677,0.0
0.00011095562792591086,0.0,-50.66694788020347,4.9001076024465355,4.361,0.0
0.0001197079177691838,0.0,-34.93717714912839,5.392676194621143,4.705,0.0
8.818440871158153e-05,0.0,-25.075135201823535,3.927433643621388,3.466,0.0
