ycf,Pf,rhoco,rhome
0.7326666401579918,84.4681915111587,0.0020473148148148147,0.0007470185185185185
0.7380050525419191,99.27786545690313,0.0021179583333333332,0.0007518842592592592
0.7493537087296861,75.39090551248485,0.002207550925925926,0.000738388888888889
0.7584491386673162,73.87716320343563,0.002277615740740741,0.0007253749999999999
0.7716592433684597,91.54085628295141,0.0022947824074074073,0.0006790462962962962
0.7690743080244759,80.12546527828789,0.0023054212962962963,0.0006922361111111111
0.7716025937298366,77.42312245664488,0.0023418888888888886,0.0006932083333333333
0.7900668798898379,83.10550749697396,0.00248624537037037,0.0006606342592592594
0.797804181208513,83.41382628931285,0.002590736111111111,0.0006565972222222223
0.7951507790579331,84.96181103656697,0.0026187407407407405,0.0006746481481481482
0.7926828930263242,75.09382146255837,0.002647935185185185,0.000692537037037037
0.8007725088050437,82.30586323365623,0.0026672916666666668,0.0006636064814814816
0.796012027654264,74.33706949120852,0.0026828148148148145,0.0006875046296296297
0.8078858348388035,74.02773457303245,0.0027763333333333333,0.0006602083333333333
0.8125693747026798,75.89620392158973,0.0028468518518518517,0.0006566666666666667
0.8181356056822244,76.21294417957687,0.0029878842592592596,0.0006641805555555556
0.8097110089110977,84.35770140131082,0.0030704953703703706,0.0007215925925925926
0.8106592630823353,92.23406917640537,0.0031632037037037037,0.0007388101851851851
0.818803820259903,77.20986960647014,0.00314750462962963,0.0006965231481481482
0.8172287512865315,83.28306657718556,0.003161388888888889,0.0007070370370370372
0.80978077964424,84.75087639691502,0.003219347222222222,0.0007562314814814814
0.8105451306045656,87.3565448007311,0.0032730000000000003,0.000765023148148148
0.8122545684376306,81.13634303131153,0.003266402777777778,0.0007549999999999999
0.804961519472599,81.03104312533374,0.003208013888888889,0.0007772870370370369
0.8022389718834476,87.44956295154296,0.0032576064814814816,0.000803037037037037
0.802680074162744,77.76742049358086,0.0033030879629629634,0.0008119861111111111
0.8086039914732195,91.4832768283139,0.0033454305555555555,0.0007918611111111111
0.8184417098993352,88.25915016767253,0.0034049675925925922,0.0007553379629629629
0.8165631720294688,83.42673571482251,0.003376953703703704,0.0007586157407407408
0.8206344540665205,96.9168010466235,0.0033605740740740736,0.0007345185185185186
0.813905056333391,111.38752470023505,0.003376217592592593,0.0007719537037037036
0.8133236316597947,83.01668332364797,0.0033533333333333336,0.0007696666666666667
0.8119005048908862,81.13278531550834,0.0033657824074074076,0.0007797777777777778
0.8059145860099376,74.3061165765325,0.003374550925925926,0.0008126805555555555
0.8074127171998376,61.90079752424062,0.0033634907407407407,0.0008022731481481481
0.8129269545090517,71.26420862371204,0.003378851851851851,0.0007775509259259259
0.8248765041443626,74.4212095171743,0.0034757546296296294,0.0007379120370370371
0.8234744646549685,62.9145104578441,0.0035140324074074067,0.0007532916666666665
0.8231711534139046,54.422086662020746,0.003526648148148148,0.000757574074074074
0.8263905518251112,62.68794251443536,0.003498949074074074,0.0007350648148148148
0.8218529759761305,76.67133491788992,0.0034762592592592592,0.0007535231481481481
0.8204843618865221,88.60517252198716,0.0034669490740740746,0.0007585416666666666
0.8183050978381098,90.13566608022913,0.0035312175925925927,0.0007840648148148148
0.8259903109273529,103.4894336933762,0.0036625787037037035,0.000771587962962963
0.8227041436712798,116.68943155969446,0.0036805231481481485,0.0007931666666666666
0.8243274839344958,103.48119718355919,0.0037051574074074074,0.0007896064814814815
0.8183024489234924,117.4242697534332,0.0037486435185185183,0.0008323564814814813
0.8174748792412312,104.63999116295011,0.0037396712962962965,0.0008349907407407406
0.817015312606647,96.58978804881222,0.0037351481481481476,0.0008365509259259258
0.8100150938646586,79.1608303022822,0.003754078703703704,0.0008805000000000001
0.8081556063434046,75.30130302481285,0.0037505416666666668,0.0008903240740740741
0.8109526145315966,92.9316737495772,0.0037810740740740743,0.0008814351851851853
0.8144984927596491,108.4629797812913,0.0037727268518518518,0.0008592361111111111
0.8203934975231982,98.72290726648765,0.003810689814814815,0.0008342638888888888
0.8213661507414548,94.8672732968675,0.00379875,0.0008261666666666667
0.820821158460951,97.02848698521194,0.00384175462962963,0.000838625
0.8143676812911085,113.15629882119927,0.0038256203703703703,0.0008720370370370372
0.8191952790115044,113.76952183778027,0.003917740740740741,0.0008646851851851852
0.8178298075926203,109.8385020845601,0.003980722222222222,0.0008866990740740741
0.8144192710597646,118.91130526944158,0.003989462962962963,0.0009090740740740741
0.8108316701195144,124.86210532643872,0.00395912962962963,0.0009236712962962961
0.8154972010847852,110.73638675946468,0.004016342592592593,0.0009086805555555555
0.8194351143319284,96.40498222252445,0.004043472222222223,0.0008909907407407409
0.8227230803084428,106.14917291943867,0.004067699074074074,0.0008764907407407408
0.8251555999944961,95.7640407020017,0.0041644953703703705,0.000882425925925926
0.8270777712363714,92.6800708116379,0.004195064814814814,0.0008770879629629631
0.8325270994441425,92.1478020962789,0.0041686944444444445,0.0008385833333333332
0.8403631925307027,79.71264746657303,0.004166166666666667,0.000791412037037037
0.8443012347939659,87.00817890407052,0.004183907407407407,0.0007715601851851851
0.8405147393789768,91.93101420042723,0.004236754629629629,0.0008039120370370371
0.8296846945879595,105.30210441017262,0.00419313425925926,0.0008607546296296297
0.8255369750748727,97.9670293693995,0.004158944444444444,0.0008789212962962964
0.8248241047483831,101.72017281174027,0.004236101851851852,0.0008996620370370371
0.8286002677853503,86.42406574470671,0.004260351851851852,0.0008812731481481482
0.8305987709932902,76.15055030115515,0.00428963888888889,0.0008748750000000001
0.8287756678439234,84.79754231915365,0.004296722222222222,0.0008876990740740741
0.8254030826052987,75.057736409762,0.004304018518518518,0.000910425925925926
0.8241264060027765,90.67473868765629,0.004248898148148148,0.0009067407407407408
0.8207950817015238,102.88017679342977,0.004220361111111112,0.0009214351851851852
0.8174918004118531,82.56637969430103,0.004241828703703703,0.0009470046296296297
0.8177052441758714,68.61061982807546,0.0042699999999999995,0.0009519305555555556
0.8173081872642557,90.42794197207542,0.004263435185185186,0.0009530000000000001
0.8158486292727947,74.79971306624499,0.004235935185185185,0.0009561250000000002
0.8108301648278458,67.5923951379254,0.004198902777777778,0.0009796203703703703
0.8093537712756264,76.61445785086848,0.004194236111111111,0.0009879675925925924
0.8106660642852442,102.40478662423934,0.0042200648148148145,0.0009856111111111111
0.8146365377032408,124.50573757740706,0.004246685185185186,0.0009662962962962963
0.8175251975718704,98.90858963356371,0.004229814814814815,0.0009441111111111112
0.8183530022743146,84.77596938824385,0.0042312638888888894,0.0009391990740740741
0.8210353038803601,98.77980609948793,0.0042141157407407405,0.0009185694444444445
0.8232879426749546,84.75783040381374,0.004270226851851852,0.0009165694444444445
0.8199428462900883,71.82811975162045,0.00429724074074074,0.000943662037037037
0.8172405580665554,89.32951027596874,0.0043211064814814805,0.0009663287037037036
0.8210112325558279,78.86977387224125,0.004397370370370371,0.0009586712962962963
0.8223729698669812,79.33207483390174,0.004432708333333334,0.0009574351851851852
0.8250144931026594,80.3568635577215,0.0044406481481481476,0.0009418611111111111
0.8279025859510645,82.8289179207512,0.004494606481481481,0.0009343009259259259
0.8236221449642864,94.3686449521259,0.0045472407407407415,0.000973787037037037
0.8216740191359523,118.76107226410001,0.004544351851851852,0.00098625
0.8215297450424929,127.01546237000616,0.0045822685185185185,0.0009954583333333334
0.8223259038161594,111.95498667494005,0.0045253888888888896,0.0009777685185185184
0.827196367457802,117.79326390762495,0.004544245370370371,0.0009493055555555557
0.8294878202010206,102.26357425625615,0.004602824074074073,0.0009461712962962963
0.8274347747984904,87.57893166364371,0.0046275324074074075,0.0009650925925925926
0.8260378496086322,98.10774498670571,0.004655629629629629,0.0009804675925925925
0.8216893318954098,94.6490619780434,0.004666773148148148,0.001012712962962963
0.8216152896188317,82.94629048204094,0.004789541666666668,0.0010398796296296297
0.8241590953983771,60.3881617769894,0.004809796296296296,0.0010262083333333334
0.828154504950729,57.351628512681486,0.004868912037037036,0.0010103194444444443
0.8310112813966751,67.51231060407102,0.0048705648148148145,0.0009904444444444444
0.830720258532346,89.25873424008275,0.004841245370370372,0.000986523148148148
0.8284755302737372,98.07620753770007,0.004810930555555556,0.000996037037037037
0.8293006927414073,100.53815823223238,0.004789069444444444,0.0009857592592592591
0.830242067821567,104.60629042527722,0.00476661574074074,0.0009746203703703702
0.8334598980757049,109.59920815472678,0.004781416666666666,0.000955412037037037
0.8334409248781925,112.74876442512874,0.0047159444444444445,0.0009424583333333335
0.8297677343776094,72.95858796112684,0.004715527777777778,0.0009674212962962963
0.8303116333709942,57.01087416644842,0.0047904675925925936,0.0009790138888888889
0.8313809333153973,101.30861920797949,0.004835546296296297,0.000980736111111111
0.8291794232388447,87.9507489312541,0.004873759259259259,0.001004050925925926
0.8258923614640593,97.36064877925658,0.004890009259259259,0.0010308703703703706
0.8280052665202013,106.9099180826517,0.004920421296296296,0.0010220787037037039
0.8260306065713138,97.31919674747546,0.0048627083333333335,0.0010241296296296296
0.8258860554582159,90.87648964197481,0.004818402777777777,0.0010158194444444446
0.8273025764341614,76.46041534327466,0.004912143518518518,0.0010253981481481483
0.8255044489554981,63.371882006464155,0.0049269583333333335,0.0010414629629629628
0.8283607553067611,72.23778474246585,0.004956569444444445,0.0010270185185185183
0.826805822070673,86.97541203766991,0.0049909444444444446,0.0010454722222222222
0.8279295913719471,96.94011392205708,0.005015398148148148,0.0010423611111111113
0.8272063996901228,104.97592631286781,0.005062097222222222,0.0010574120370370373
0.8240253511580196,91.77198545956801,0.00504300462962963,0.0010769583333333332
0.8234913005017744,71.27805350844257,0.005025287037037037,0.0010771296296296295
0.8260121691355806,69.15764485369331,0.005064425925925926,0.00106675
0.830617303373676,62.18849087385996,0.005084027777777777,0.0010367546296296297
0.8312080609477563,65.33263555505009,0.005160736111111112,0.0010479814814814816
0.8315052761844488,83.63993828798806,0.005182425925925926,0.0010501574074074074
0.8325096648050173,91.35836142863111,0.005107481481481481,0.0010275601851851852
0.8368180959933538,88.6693384569898,0.005129578703703704,0.0010002824074074074
0.8398437028998613,78.78948297672233,0.0051594398148148155,0.0009838935185185185
0.8396258363239953,95.6883328779906,0.005188226851851852,0.000990986111111111
0.8398137703426877,86.32918423799387,0.005197685185185185,0.0009914074074074074
0.8435128490125092,97.57168246769545,0.005136657407407407,0.0009529444444444446
0.8372330230949592,98.53942174706444,0.005088337962962963,0.0009892268518518518
0.8336482858679533,83.64885461294475,0.005030337962962963,0.0010037870370370372
0.8310170506655122,81.83660630033975,0.005029726851851851,0.0010227685185185188
0.8310351612756747,83.565175943084,0.005083703703703703,0.0010336111111111112
0.8311065697850438,95.10814150829304,0.005083601851851851,0.0010330648148148152
0.8289522187627572,79.77222572384734,0.005038893518518519,0.0010397361111111113
0.8314953790458026,82.75837732533373,0.005069981481481481,0.0010274444444444445
0.8326318552990656,98.03815703655552,0.005094986111111111,0.0010241481481481482
0.8343526694343156,127.87424784011235,0.00512399537037037,0.001017287037037037
0.8368197608853009,131.22456977834725,0.00512213888888889,0.0009988194444444445
0.8351939548060986,125.2421590923544,0.005064782407407408,0.000999416666666667
0.8356386346987175,121.57523555297063,0.004985296296296296,0.0009805555555555555
0.8352164957418247,121.25200396036492,0.004980337962962963,0.0009825925925925924
0.8308893604782227,104.7320059595563,0.004948523148148148,0.0010071712962962964
0.8354707396623472,93.89649708845722,0.004952361111111111,0.0009752685185185184
0.8390856780205505,83.79873047583496,0.004945796296296297,0.0009484722222222223
0.8425171396524558,73.87475196557956,0.004983305555555555,0.0009314768518518517
0.8448490073668087,91.34418380713808,0.005081101851851852,0.0009331111111111111
0.8484461167059846,100.70834701627005,0.005138370370370371,0.0009178425925925926
0.8482295093457588,98.2768902676483,0.005154462962962962,0.0009222685185185186
0.8413947956703681,83.91852862165373,0.005116023148148148,0.0009643842592592592
0.8407839243964639,96.66283753285819,0.005136236111111111,0.0009726296296296296
0.8441902729379596,96.24908655617057,0.005156962962962963,0.0009518055555555553
0.8431260156055013,67.3033138476755,0.0051141018518518514,0.0009515416666666666
0.8410855190198901,79.71727444575767,0.005179120370370371,0.0009785416666666666
0.8434060922510108,91.5489515662257,0.005222745370370371,0.0009696990740740739
0.8470983012076163,70.7815270463239,0.005287277777777778,0.0009543564814814814
0.8496485387703933,50.74411318211518,0.0053089305555555555,0.0009394537037037036
0.8543239129759543,54.21127916412506,0.005348138888888889,0.0009119444444444445
0.8540589503486573,63.54445486212023,0.005351620370370369,0.0009144814814814815
0.8520116887066894,74.5435158013124,0.00542099537037037,0.0009415879629629629
0.8521934272923612,80.90052778601785,0.005469337962962963,0.0009486157407407408
0.8558665232203179,76.94774983754436,0.005528180555555554,0.0009309814814814816
0.8581152351354604,82.37215552554424,0.005611875,0.0009278935185185184
0.8579641742154557,74.94576514453753,0.005660430555555556,0.0009370833333333333
0.8583822234743106,78.08067261787625,0.005642472222222222,0.0009309074074074075
0.8565892798678675,88.97278448505938,0.005680856481481481,0.0009510925925925926
0.8569761109168834,85.64343223882386,0.005696851851851852,0.0009507685185185185
0.8622648016110902,80.11389811893355,0.0057068796296296295,0.0009115972222222222
0.8652406253242823,93.32122384341105,0.005751699074074073,0.0008958148148148149
0.8635173379118815,94.22185284045946,0.0057465,0.0009082592592592593
0.8619534038172373,112.51541138155147,0.005777486111111111,0.0009252962962962962
0.8612177710127659,111.63772713312413,0.005788958333333333,0.0009328703703703704
0.8633140441456738,100.62009662697413,0.005767217592592592,0.0009131064814814815
0.8596400019208806,100.81385853789362,0.0057183611111111116,0.0009336805555555555
0.862740036736057,99.08864911902975,0.005740736111111111,0.0009133379629629629
0.8648185468533229,102.12380527394316,0.005789231481481481,0.0009049259259259259
0.864060811799887,82.15741402579496,0.005738763888888889,0.0009028564814814816
0.8622616893345161,91.05893129734139,0.005755449074074073,0.0009193796296296296
0.8590771632437356,85.6490850001348,0.005798615740740741,0.0009512037037037036
0.8564943793558032,100.53016798999808,0.005814212962962962,0.0009741712962962963
0.8537847456649557,105.33851772588918,0.005825282407407407,0.0009976111111111112
0.8530308759005105,94.83604815251604,0.005838787037037037,0.0010059675925925926
0.8550533676099529,71.6425747537237,0.005828356481481481,0.0009880092592592592
0.8572497229656695,72.27089955945881,0.005830615740740741,0.0009709212962962963
0.8581178750723428,75.71776855722376,0.005903453703703704,0.0009760833333333331
0.8590959522329181,86.63833434815663,0.005936416666666666,0.0009736574074074073
0.8618311960160101,108.87165477518059,0.005943291666666667,0.0009528287037037038
0.8617210946118118,103.36201874393834,0.005927472222222222,0.0009511712962962963
0.861305421148709,100.46665076763617,0.005902199074074074,0.0009504212962962963
0.859152399332087,103.3636784457321,0.005933763888888889,0.0009727685185185185
0.8549418458958004,81.75030361143467,0.005923064814814816,0.0010049675925925927
0.8528358342175852,94.26894468019879,0.0059274814814814815,0.0010228379629629632
0.8541097597064987,99.93352122239781,0.005919300925925926,0.001011074074074074
0.8538014720402359,108.66631957286765,0.005884976851851852,0.001007699074074074
0.8533784983632702,137.1824247464224,0.005895837962962964,0.0010129814814814815
0.8488224107958948,140.6723206539542,0.005872962962962962,0.001045990740740741
0.8483726760646376,142.00618722468542,0.005865444444444444,0.0010483148148148146
0.8485289413813574,125.77732774375181,0.005882847222222221,0.0010501481481481484
0.8464906809301792,110.76767129075917,0.005874578703703704,0.0010653425925925926
0.8465135599387823,117.75454918919293,0.005858939814814814,0.0010623194444444443
0.8462519716607306,113.03534219297896,0.005804736111111111,0.0010546111111111114
0.8468648505179043,123.77282948593995,0.00580525462962963,0.0010497407407407408
0.8448335859161006,140.50224938644092,0.005855944444444444,0.0010755324074074072
0.847723844056851,126.34275686497622,0.0059313981481481474,0.0010654537037037037
0.8452405316992108,105.16893551332109,0.0059080787037037044,0.0010817407407407408
0.8473939041536339,105.94221452079009,0.005923828703703704,0.0010668148148148147
0.8528166639113903,105.61286187804116,0.005970703703703704,0.0010304537037037038
0.8555932403145441,96.44948035019402,0.006049717592592593,0.0010210694444444447
0.8624194635875797,93.67557148306506,0.00605200462962963,0.0009654675925925926
0.8642866527447758,91.4770096573927,0.006060574074074074,0.0009516527777777778
0.8667049197830838,106.09748271411577,0.006125810185185185,0.0009421203703703704
0.8691306341796117,113.5096715891882,0.006159166666666668,0.0009274166666666666
0.8719072084126022,84.40099382343146,0.006178657407407407,0.000907712962962963
0.8716012361762416,86.0837986543426,0.006157685185185186,0.0009071111111111112
0.8644679575977285,94.45805276626581,0.006110527777777777,0.0009580138888888887
0.8663085376156759,108.97117227677795,0.006119134259259258,0.0009443240740740741
0.8645828803792823,100.36945184357096,0.006075351851851851,0.0009515648148148146
0.8614429713556065,95.37191095394815,0.006109277777777778,0.0009826342592592593
0.8617872229536091,108.8837102300421,0.006185425925925927,0.0009920138888888888
0.8603320050236426,110.47162795064153,0.00623500925925926,0.0010122037037037035
0.8603023095044477,90.49102984374927,0.0062741249999999985,0.0010188055555555553
0.8594195114452241,106.64261818407964,0.006289291666666667,0.001028777777777778
0.8618581914864527,69.14943096854664,0.006274523148148148,0.0010057037037037035
0.8605070199824022,41.01262657675357,0.006248157407407408,0.001012861111111111
0.8589841888355324,49.10360784829825,0.006249949074074074,0.001026027777777778
0.8565156792212616,63.30521569664658,0.006244851851851853,0.0010461435185185185
0.856905514628271,75.76958128091267,0.006220328703703703,0.0010387314814814816
0.8583859461922501,87.60283804126571,0.006227069444444444,0.0010273240740740742
0.8582929498202283,76.19705202472986,0.006202231481481481,0.0010240092592592594
0.8577778942778707,69.89355116311823,0.00621149537037037,0.001029884259259259
0.855996651084909,90.44746616816944,0.006248101851851851,0.0010511111111111112
0.8532491171889452,96.82006126411208,0.006256611111111112,0.0010760787037037037
0.8517426131773719,76.58067968213874,0.00626761111111111,0.0010909629629629628
0.8522662606652072,53.402885757044736,0.006302694444444445,0.001092523148148148
0.8528443214876219,50.08643321952931,0.006313874999999999,0.0010894398148148148
0.8532865006184605,51.154639803263336,0.006294856481481482,0.0010823333333333336
0.8527483434407118,36.616885545193846,0.006324412037037037,0.0010920925925925924
0.8547650959895166,44.035864152624384,0.006353722222222222,0.001079574074074074
0.853496472828879,47.13243802361012,0.006307101851851852,0.0010826203703703703
0.8549460414105341,64.39304676471187,0.006287546296296296,0.001066773148148148
0.8506274812555121,91.88308505555273,0.006304898148148148,0.0011071574074074074
0.8488117309961234,109.47327021791224,0.006318314814814815,0.0011254027777777777
0.8521154322071165,115.03862418101198,0.006360375000000001,0.0011038425925925925
0.8510434404371476,106.72794031235131,0.006376884259259259,0.0011161342592592592
0.8513666647068471,91.72051551246581,0.006368675925925927,0.0011118564814814812
0.8524296283108816,95.59509168789958,0.00638412962962963,0.0011052037037037037
0.8560888695359098,105.40292591618454,0.006444185185185186,0.001083287037037037
0.8572642644614306,106.67460688468273,0.006467967592592593,0.0010769259259259258
0.8561668479931307,120.5877740513655,0.006499606481481481,0.0010919120370370369
0.8551145230643442,112.16122940411333,0.00646875925925926,0.0010960277777777776
0.8529358885226951,117.86845213044973,0.006435231481481482,0.0011095694444444445
0.8535069967891092,128.87784416968725,0.006476810185185185,0.0011116574074074073
0.854726836447363,137.62727500498823,0.006482592592592592,0.0011018101851851848
0.8556204877209908,127.38182544296342,0.006495708333333334,0.0010961018518518518
0.8559038894890433,133.61624029314092,0.006485120370370369,0.0010918055555555553
0.8540991711002641,152.42665956204218,0.006446685185185185,0.00110125
0.8551633875263516,132.09818028376748,0.006488532407407406,0.0010989444444444445
0.8554692921476625,105.63458736498151,0.0065062083333333335,0.0010992175925925926
0.8535690985579627,109.81441515243212,0.006499324074074073,0.0011149675925925925
0.8503844133137403,99.54045227999546,0.006421925925925926,0.0011298657407407407
0.8509386214611501,86.84714636466452,0.006434013888888888,0.0011270648148148147
0.8520340174551445,107.28384462216964,0.006503398148148148,0.0011293935185185185
0.8477877950151793,100.47242829799985,0.006479814814814815,0.001163388888888889
0.8490505211863719,92.79433585643922,0.006535523148148147,0.0011619259259259258
0.8494323877041517,93.67195691995583,0.0065322962962962965,0.0011578935185185186
0.8502606974116277,118.27077066539553,0.0065176851851851845,0.0011478287037037039
0.8503504164758787,122.19165884225288,0.0065256481481481485,0.0011484212962962963
0.8501489063253145,129.38911635614718,0.006540569444444445,0.0011528703703703703
0.8487890025729921,139.99626041369402,0.006506046296296295,0.0011590462962962963
0.8492066794891049,135.2866593244712,0.006518569444444445,0.0011575
0.8479442111577684,140.37710875175074,0.0065440879629629625,0.0011735046296296296
0.847565917287831,116.5558535136588,0.006570240740740742,0.0011816527777777778
0.8472081986775019,116.47279104931903,0.00658050925925926,0.0011867777777777777
0.8469577273512342,107.68228150015312,0.006629185185185184,0.0011978703703703704
0.8467600101039432,92.54689647377694,0.006642314814814815,0.0012020740740740742
0.8457386033169554,95.80548077104436,0.006630986111111111,0.0012094814814814815
0.8460209613129023,122.92240885932094,0.006638648148148148,0.0012082592592592594
0.8471285268052882,126.18355853347785,0.006628078703703704,0.0011960925925925926
0.8484673115202602,102.86012703336802,0.006624648148148149,0.0011831342592592592
0.8495453599357735,83.93937528416471,0.006613671296296296,0.0011712824074074076
0.8480955360669233,82.40737509508938,0.0066010416666666665,0.0011823287037037039
0.8486916740395225,60.40364582282807,0.006577097222222221,0.0011725925925925927
0.8513196556446364,51.27481905260731,0.006582037037037036,0.0011495324074074073
0.8554311130420356,76.77849112986426,0.00663612962962963,0.0011215138888888887
0.8578608140533374,57.96709894702055,0.00665551851851852,0.0011027546296296297
0.8577776666017477,46.84104245840787,0.006667708333333334,0.0011055277777777778
0.857760302387097,62.837246813274334,0.006656625,0.001103847222222222
0.8582151589096145,90.14334180309122,0.0066579259259259265,0.0010999490740740742
0.8582734862994724,90.54683196994819,0.0066698379629629625,0.0011013888888888887
0.8564759479431193,84.46643743138877,0.006654810185185184,0.0011151805555555555
0.8542240688269416,85.7900297587041,0.006679976851851851,0.0011399583333333333
0.8535132243082619,111.38904020367038,0.006706013888888888,0.001150939814814815
0.8548827605569399,102.55286671235508,0.006681925925925927,0.0011342638888888889
0.8558299060758922,107.31615330733801,0.006736078703703704,0.0011347361111111109
0.8554386096556381,113.0286944925753,0.006755675925925926,0.0011416481481481481
0.8528571805942419,119.68879979896208,0.006726180555555555,0.001160462962962963
0.8532961882392593,130.97250307757176,0.006751208333333334,0.0011607083333333335
0.8532831059281556,97.86717335644238,0.006794310185185185,0.0011682407407407407
0.8526495971160151,78.23518117369727,0.00678461574074074,0.0011724814814814816
0.8491877970434285,55.32351890007377,0.006742499999999999,0.0011974398148148146
0.849098923638444,76.28102960201014,0.0067615555555555545,0.0012016574074074074
0.8488739466445443,60.997065174028336,0.006750611111111113,0.0012018194444444446
0.8506125099452426,52.145251519371996,0.0067314953703703695,0.0011822083333333335
0.8508998242345476,48.24771421050508,0.0067260046296296295,0.001178574074074074
0.8514391687655216,68.71184113186033,0.006725143518518518,0.0011734166666666668
0.8528887036655491,89.96140940883282,0.006745907407407406,0.001163574074074074
0.8539025636100871,70.49287095371517,0.00670998611111111,0.0011480370370370373
0.8567445735014356,56.732019569575314,0.006713625,0.0011225787037037035
0.8577997474386155,77.40167176005473,0.006689023148148149,0.001108861111111111
0.8597632309597296,100.23453677025978,0.006753754629629629,0.0011016111111111112
0.8638934906222827,91.92700173920639,0.006788875000000001,0.001069587962962963
0.8640278511184559,73.47851719822967,0.00681014351851852,0.001071712962962963
0.8649801579169852,83.40001689119623,0.006839694444444445,0.001067648148148148
0.8660118466984281,79.30258481450336,0.006876282407407407,0.001063888888888889
0.8661231986387483,80.52300259329728,0.006885851851851852,0.0010643472222222222
0.8705249470253943,56.59743404108929,0.0068527361111111115,0.0010192222222222221
0.8742485114618762,77.97607963589385,0.006867703703703704,0.000987847222222222
0.8763713204348671,98.00015916522666,0.006892944444444444,0.0009723796296296297
0.8715015413931898,102.32434099124723,0.006885560185185186,0.0010152407407407406
0.8721548015463267,110.30752712976303,0.006886231481481481,0.0010094212962962965
0.8727392734635024,105.51752798661761,0.006898967592592592,0.0010059907407407407
0.8734666410080097,91.74256137380242,0.006892412037037037,0.0009984583333333334
0.8745058843551539,95.67743692755673,0.006922657407407408,0.0009934212962962963
0.8754597475822411,77.1395152521888,0.006946870370370371,0.0009882407407407407
0.8739504421538463,81.92415672265997,0.0069395185185185185,0.0010008842592592595
0.8724150272077936,92.29494116205305,0.006951847222222222,0.0010166620370370368
0.8699092201519806,103.33323456310612,0.006960268518518518,0.001040875
0.8671874272843195,97.85797461363927,0.0069014629629629625,0.0010569814814814814
0.8651181630095871,86.0378182196847,0.006872282407407408,0.0010714675925925928
0.8636051042575591,59.28666638380648,0.006877699074074073,0.001086240740740741
0.862619619237477,57.128807369270135,0.00688336111111111,0.0010962407407407407
0.8633401267997909,48.274555890003356,0.006901361111111111,0.0010924305555555555
0.8622182980154726,41.78942249273626,0.00693060648148148,0.0011075046296296295
0.8606982574709412,46.06270928467016,0.00697250462962963,0.0011284814814814814
0.8602711968305503,47.80326155111092,0.007016865740740741,0.0011397083333333335
0.8613531210260018,68.88817783282147,0.007074388888888889,0.0011387222222222224
0.8619443863307621,74.22922419646773,0.0070955740740740745,0.0011364814814814816
0.8601180655270958,86.3614525502127,0.0071076851851851865,0.0011559305555555554
0.8573047267027841,92.14417070274182,0.007110731481481482,0.0011835555555555555
0.857759083417649,76.98540319329736,0.007139291666666667,0.0011838981481481485
0.858396340428082,60.97585777261727,0.0071619583333333335,0.0011814583333333332
0.8617265062352395,62.61877302602255,0.007170861111111112,0.0011506435185185185
0.8614978980259432,79.82921530674882,0.0071837916666666665,0.0011549305555555555
0.8606717375999117,85.1326136605938,0.00721599537037037,0.0011681481481481482
0.8620568717499786,84.6630022922649,0.007225972222222221,0.001156273148148148
0.8624196429012612,64.7842693154851,0.007272277777777777,0.0011601342592592594
0.8598541646281165,72.70177709611632,0.007282180555555556,0.0011869074074074076
0.8566042981244913,82.2953196841783,0.007303689814814815,0.0012226388888888886
0.8567922128290875,84.43155126293384,0.007312662037037038,0.0012222685185185186
0.8565423628202018,64.43334240294554,0.007321597222222223,0.0012262546296296297
0.8585472664581414,67.2680288719495,0.007350023148148147,0.0012109768518518518
0.8588052506196647,78.23123015996035,0.007341842592592593,0.0012070601851851851
0.8595693799319903,87.98486744328984,0.007355148148148148,0.0012016342592592593
0.8607206542425124,109.86911895251312,0.00737661111111111,0.0011936620370370371
0.8590643287453998,116.57558356409288,0.007383435185185185,0.0012113055555555555
0.8593650437683357,105.73983086231397,0.007380171296296296,0.001207763888888889
0.8585245944002033,93.81895407325126,0.007382898148148148,0.00121662037037037
0.8599208943865028,73.76099200722234,0.007428203703703704,0.001210037037037037
0.8571730418242001,83.80008722368272,0.0074186898148148155,0.0012361435185185186
0.8582261659600893,92.58934640828741,0.007403023148148147,0.0012229351851851852
0.8581746542348034,107.40387882088443,0.007447597222222223,0.0012308194444444445
0.8586972685867488,126.76803373564012,0.007458481481481481,0.0012273287037037038
0.8577406080537084,128.28117954639333,0.007457546296296296,0.001236861111111111
0.859644667623655,91.15628570588221,0.007491222222222221,0.001223101851851852
0.8599063484754471,92.18613277337396,0.0075130694444444455,0.0012240092592592593
0.8595465994962217,110.07551671899135,0.007504120370370369,0.0012262037037037037
0.8597649824609422,95.25584363573287,0.007503921296296296,0.0012239537037037037
0.8600428519958806,99.463867862299,0.007492828703703704,0.0012193287037037038
0.8604162375098827,107.53097180435554,0.007522240740740741,0.0012203194444444444
0.8605872676697903,95.9760486314737,0.00750112962962963,0.0012151620370370372
0.8603987239301418,74.43724929303352,0.00748425,0.0012143333333333335
0.8600651597048992,74.46418651841911,0.0075101805555555555,0.0012219259259259258
0.8608197088465845,84.37112727927149,0.007562560185185186,0.0012227407407407406
0.8624290315779979,85.96162400181412,0.007613467592592593,0.0012144675925925927
0.8622915131991249,91.33009664419947,0.007624944444444443,0.0012177083333333334
0.8615075854325792,90.42743294901672,0.007623388888888887,0.0012255046296296298
0.8614988432186816,56.62301968240023,0.007668041666666668,0.001232773148148148
0.8613664898977383,50.732363736929685,0.007724351851851852,0.0012432037037037036
0.8622665659166963,56.90128745936533,0.007766027777777779,0.0012404999999999998
0.8608497278043497,78.44496112400793,0.007814291666666667,0.001263125
0.8605493303138835,82.61078997118224,0.007832277777777778,0.0012692083333333333
0.8608140458849789,96.95247674852834,0.007874097222222222,0.001273171296296296
0.8588522157293228,93.29658896990165,0.007858287037037037,0.0012914675925925925
0.8604223270986157,81.19370973133076,0.007893546296296296,0.0012804907407407407
0.860307213824622,98.92265417980853,0.007965449074074074,0.0012933935185185188
0.859222247439996,114.62614587930439,0.008009745370370372,0.0013123425925925928
0.8576574125199111,104.89878759622144,0.00799663888888889,0.0013271759259259259
0.8566390765922158,137.81259907143743,0.007996027777777777,0.0013381574074074075
0.8548482769163335,153.50152667706644,0.00799974537037037,0.0013583425925925926
0.8549870762122058,138.512971058784,0.007990796296296296,0.0013553055555555558
0.85529597574821,158.21886254139662,0.008025277777777777,0.001357763888888889
0.8555267317545012,192.90815685848395,0.00805852314814815,0.0013608472222222225
0.8543912697913061,186.08195241497296,0.008042416666666668,0.0013706203703703704
0.8546104363771333,152.7075267071732,0.008048115740740741,0.001369175925925926
0.8569131856459871,155.50138330346525,0.008086384259259258,0.0013502592592592592
0.8575579753041539,178.40015327617493,0.008081550925925926,0.001342361111111111
0.8588182572532372,166.5643805313184,0.00807386574074074,0.0013272685185185184
0.8602382004212585,146.28891825263133,0.008077509259259258,0.0013123425925925926
0.8616876589494534,154.44728011066923,0.008072106481481482,0.0012956805555555558
0.8616859190583596,158.2159376817521,0.008067027777777779,0.0012948842592592593
0.8598233783532817,172.4900046330143,0.008080703703703701,0.0013173935185185187
0.8607855917210923,168.00249778343277,0.008089124999999999,0.0013082500000000002
0.8612642390003522,171.43057282803898,0.008072888888888888,0.0013004120370370368
0.8604959420538053,166.3163795272211,0.00804865277777778,0.001304851851851852
0.8610808574421887,163.55594014037732,0.008074490740740741,0.0013026666666666668
0.8602257187819926,141.255105053378,0.008110833333333333,0.0013178935185185186
0.8620203779414441,140.78280825231934,0.008111731481481482,0.0012984074074074074
0.859983742426401,145.89377495381433,0.008076652777777778,0.0013149814814814816
0.8608001597413297,139.93176009113964,0.008063111111111113,0.0013038842592592592
0.8625706543704669,138.2438372062786,0.008023009259259258,0.0012782685185185184
0.8600012265193261,148.39293783044482,0.008050495370370371,0.0013105324074074076
0.8590434431374258,145.9484220099586,0.008034458333333333,0.0013183379629629632
0.8616869618049007,133.6337787023653,0.008036842592592592,0.0012900277777777777
0.863385615022768,126.94034626105764,0.008078407407407407,0.0012782546296296298
0.8641988840618136,96.45544028738568,0.008103388888888887,0.0012733749999999998
0.8630116325855278,81.20926526938341,0.008053300925925926,0.0012783240740740745
0.8632594666657357,78.89234647364995,0.008013162037037034,0.001269287037037037
0.8620513988981544,101.61868786655872,0.008022194444444443,0.0012837407407407407
0.8617466546928568,107.96805726930536,0.00804101388888889,0.001290050925925926
0.8612497599829675,131.2742262149594,0.0080155,0.001291324074074074
0.8604086034580886,114.12465439284932,0.007992805555555555,0.0012967407407407407
0.862713994612765,105.29274659959387,0.007989226851851852,0.001271347222222222
0.8636392522083133,86.04246631588553,0.007990546296296296,0.001261634259259259
0.8635380391055802,59.384023875449586,0.007945305555555556,0.0012555694444444444
0.8621050239604888,76.37993972262754,0.007938981481481481,0.0012698518518518519
0.8619944858716169,86.32533723654035,0.007939268518518517,0.0012710787037037035
0.8637265329317898,95.37588841235717,0.007944152777777777,0.0012533796296296295
0.8626533615396106,89.0496654815751,0.007914013888888889,0.001260023148148148
0.8621322768679502,95.42522767548454,0.007908666666666666,0.0012647129629629627
0.86230171969536,91.28268397131423,0.007909314814814815,0.0012630138888888886
0.8618771443314212,91.08277356893636,0.00793398611111111,0.0012714861111111113
0.8630775805848456,91.45469749581578,0.00792825462962963,0.0012577731481481483
0.8636311212603511,72.2663390033246,0.007973546296296296,0.001259037037037037
0.8641709358990378,66.8292118616944,0.008004583333333332,0.001258148148148148
0.8654535150898989,53.86002274052547,0.008031833333333335,0.001248657407407407
0.8669347582055598,47.64075267229963,0.008073337962962963,0.0012391712962962962
0.8664902738157749,56.56846644906306,0.008052189814814816,0.0012406898148148147
0.8654784933901807,60.6988935956652,0.008051189814814815,0.001251398148148148
0.8655935038114375,54.61321776566492,0.008041171296296296,0.0012486064814814814
0.8670797094835768,36.87845716278035,0.008049064814814814,0.0012338935185185185
0.8697914786605543,33.39107641007083,0.008031944444444444,0.001202388888888889
0.8718778422916423,60.0197386133128,0.00803714351851852,0.0011810555555555554
0.8730623148361386,46.129227310806016,0.008020819444444442,0.0011661759259259262
0.872069925509769,55.858540237890814,0.008048680555555555,0.0011807175925925926
0.8716099560192933,65.4379549889086,0.008065745370370369,0.001188101851851852
0.8731978789310653,87.08401758061873,0.008084902777777778,0.0011740555555555558
0.8746137946827017,105.09737336633647,0.00811625,0.0011635601851851854
0.8745591495866156,107.99563050234858,0.008137254629629631,0.001167152777777778
0.87537584580848,116.25995937160333,0.008149092592592593,0.0011601574074074075
0.875561431406201,132.72032139857197,0.008164898148148147,0.0011604305555555556
0.8750896409791874,131.8970658675837,0.008157731481481481,0.0011644351851851855
0.8746835518676166,124.78090847009071,0.008132240740740738,0.0011651111111111111
0.8744819023875655,91.85087581390621,0.008113111111111111,0.0011645092592592592
0.8742523479826173,90.58775872636262,0.008116967592592592,0.0011675000000000001
0.8743443382057845,88.03449169256147,0.008099185185185187,0.0011639675925925925
0.8732491785407772,123.15800972079592,0.008106958333333334,0.001176712962962963
0.8715993411958062,144.81153543374452,0.008111962962962963,0.0011950231481481482
0.8698144273248348,133.65549713151725,0.008090611111111111,0.001210925925925926
0.8694352098136392,101.35661259525718,0.008067356481481483,0.0012114907407407406
0.8692862010366684,117.12938811860809,0.008025898148148148,0.0012068472222222222
0.8683265307764166,112.9715619824627,0.007995671296296296,0.0012124675925925927
0.8689142245207125,118.0179981437885,0.008008782407407405,0.0012082175925925925
0.8712233089108187,105.07409537960676,0.008048986111111111,0.0011897314814814817
0.8728981987604103,79.87376193426317,0.00806224537037037,0.0011739351851851852
0.8725677270204919,69.92892990198078,0.008065967592592592,0.001177976851851852
0.8739676971791253,61.89251111550513,0.00806052314814815,0.0011623842592592593
0.8740902307082897,61.76348326121769,0.008091032407407408,0.0011654861111111113
0.8749712550362923,49.75500420704299,0.00812062037037037,0.0011603935185185183
0.876435741254262,67.0629834141553,0.008159000000000001,0.001150296296296296
0.8773189632552116,67.65033818949539,0.008188476851851851,0.0011450462962962961
0.8788243896518344,65.98458101625249,0.008246277777777778,0.0011370277777777778
0.8808421044315361,66.15345078283005,0.00825875925925926,0.001117222222222222
0.8816089719168659,81.71675480901516,0.008270847222222223,0.0011106898148148148
0.882409671090856,75.09885515190108,0.008289842592592593,0.0011047083333333334
0.8820039776101587,81.14280456018099,0.008278375000000001,0.0011074953703703702
0.8807323089140049,99.34378310127354,0.00827710185185185,0.001120875
0.8800855116350846,99.99034414088987,0.008264092592592594,0.0011260092592592589
0.8790284283489873,69.37865482149961,0.008235393518518519,0.0011333518518518518
0.8800562726839399,82.48253318985219,0.008265574074074074,0.0011265231481481482
0.8798111714073054,109.89156853705786,0.00827976851851852,0.0011310787037037038
0.8807923553764893,119.94714407022269,0.008262782407407406,0.001118296296296296
0.8820362498132702,118.9224410448395,0.008255361111111113,0.001104074074074074
0.8832763570636355,106.22589375362081,0.008244092592592595,0.0010894444444444443
0.8842994689194839,109.59990332180895,0.008283847222222222,0.0010838472222222224
0.8829764617447503,147.24974160462412,0.008325842592592593,0.001103449074074074
0.8841343729961771,153.2958486646279,0.008362314814814815,0.0010958796296296294
0.8836846557646871,167.7239998393838,0.008361657407407406,0.0011006064814814813
0.8831458794713076,154.0824334128918,0.008359597222222221,0.0011061064814814814
0.8821670524168772,131.80109579706507,0.008321726851851853,0.001111550925925926
0.8838466835158553,118.77488602141563,0.00833149074074074,0.0010949074074074075
0.8838673049114543,135.79163476053577,0.008353495370370372,0.0010975787037037035
0.8826458574339925,126.83014138876423,0.008329259259259258,0.001107435185185185
0.8825063402042617,109.39515785863905,0.008319305555555555,0.0011076018518518518
0.8822048012497455,93.2315090279159,0.008303564814814812,0.001108722222222222
0.8814614282341215,95.66437191900383,0.008278689814814813,0.0011133148148148146
0.8807788252507021,102.34333940412903,0.008266300925925923,0.0011189166666666663
0.8812068581607659,101.92233201940962,0.008281435185185185,0.001116398148148148
0.8814802771763095,130.14382065181428,0.008283282407407406,0.0011137314814814814
0.8809099463054945,154.44811726492202,0.008269819444444444,0.0011179953703703703
0.8797490088500196,157.7456113677608,0.008266842592592593,0.0011299768518518518
0.8799064312462331,163.02153539984235,0.008245782407407408,0.0011254212962962962
0.8820774553183353,165.1714095339847,0.008244537037037038,0.0011021898148148147
0.8825011925899094,151.88729348056535,0.008256337962962964,0.001099273148148148
0.8815313298312257,130.85199109603838,0.00822112037037037,0.0011048333333333333
0.8807568137613355,113.29252373095665,0.008197032407407408,0.0011097731481481481
0.8806807662038296,106.73398816908605,0.008169949074074074,0.0011069074074074074
0.8784860627238457,106.26031002209697,0.008163587962962965,0.0011292037037037037
0.8766724389987484,92.55435851278918,0.00818437037037037,0.0011513518518518518
0.8755903464239083,92.99169002465119,0.008199550925925926,0.0011650462962962964
0.8758746786680093,104.83515330122006,0.008194638888888888,0.0011613101851851851
0.8772675234170138,120.31274355526689,0.008219708333333332,0.0011499629629629629
0.8782546462489208,113.9982549863526,0.008232189814814817,0.001141162037037037
0.8784582455111646,131.1172551803508,0.008212087962962963,0.0011362083333333335
0.8772827776007274,140.9091056405363,0.008220078703703703,0.0011498518518518518
0.876446168722273,152.4325138788997,0.008228981481481483,0.001160050925925926
0.8754249219169007,161.41544610370826,0.008221731481481481,0.0011699722222222224
0.8770949086750557,151.02462917958724,0.008230634259259257,0.001153337962962963
0.880682500822302,149.4673436189844,0.008280388888888887,0.0011218518518518517
0.8820678864577524,139.15605463054425,0.008273592592592591,0.001106175925925926
0.8813382158302244,147.47579207506013,0.008298990740740742,0.001117361111111111
0.8816516584758445,125.82958801067343,0.008316273148148147,0.0011163333333333331
0.8820371079021987,110.45523196615044,0.008334078703703703,0.0011145925925925924
0.882025546866112,93.514152454363,0.008363231481481482,0.0011186157407407408
0.8829174738964556,102.2313131359179,0.008384666666666665,0.0011118796296296293
0.8817531641813409,108.68234306938221,0.008391620370370372,0.0011253518518518518
0.8822246365675401,111.12816687374492,0.008398402777777777,0.0011211712962962961
0.8823975838302487,112.61690369371934,0.008440296296296298,0.0011248888888888888
0.8813198299444687,124.32001317981758,0.008462898148148148,0.0011396296296296295
0.8807237840615975,106.84390503073388,0.00844909722222222,0.0011442592592592594
0.8818694642264594,109.14101446431167,0.008477300925925928,0.001135574074074074
0.8831857748966834,105.01894073061979,0.008467208333333334,0.0011199120370370369
0.8844364576455097,95.16703181446366,0.00848302314814815,0.0011084212962962964
0.8839060506819152,85.3362785516942,0.008481782407407408,0.0011140138888888886
0.8864488774030715,66.59678615652011,0.008494310185185185,0.0010880925925925923
0.8871267417425718,76.63944241822578,0.008470606481481482,0.0010777546296296295
0.8878486563961154,87.4264328079727,0.008442898148148149,0.0010664907407407407
0.8876290243243296,126.1865238241422,0.00845451851851852,0.001070314814814815
0.8882671177761876,136.61342838573228,0.008493750000000001,0.0010684074074074075
0.8860135895121444,119.29916228913065,0.008457069444444444,0.0010880092592592595
0.8866078251993516,99.4131764828341,0.00844862962962963,0.0010805324074074077
0.8860435351747017,98.73090273387385,0.008445287037037038,0.0010861712962962962
0.8876474744371149,97.57766431587288,0.008439476851851853,0.001068212962962963
0.8870387375801805,72.65372405420506,0.00844324537037037,0.0010752175925925927
0.8890462535212365,71.61226653169629,0.008456953703703704,0.001055435185185185
0.887780912705284,104.83404878251196,0.008473856481481483,0.0010711296296296298
0.887749466275147,102.75515798901884,0.008460930555555557,0.0010698333333333334
0.8868421793171174,100.29907388288456,0.008462305555555556,0.0010797592592592593
0.8854233252925762,103.90308660151138,0.008471185185185186,0.0010961990740740739
0.8844075341854082,99.29976149616225,0.008482004629629631,0.001108601851851852
0.8831233191804151,107.28609482519911,0.008489300925925928,0.0011235138888888887
0.8835723613491555,88.08827697574227,0.008501430555555555,0.0011202268518518516
0.8835943417322494,91.88332923224947,0.008506375,0.0011206388888888887
0.885047275765087,89.50878468627907,0.008495064814814818,0.0011033657407407407
0.8858108450388253,98.75080979061275,0.008500277777777777,0.0010957638888888887
0.8878778486279635,112.396454055772,0.008500842592592595,0.0010734953703703705
0.8875131089828009,129.73297021982643,0.008517685185185185,0.0010795648148148147
0.8882140860370414,100.71610144628288,0.00850962962962963,0.0010709768518518518
0.8891875303919775,105.33754119256004,0.008524916666666667,0.0010623935185185185
0.8901132850247366,120.62711501322886,0.008550259259259257,0.001055550925925926
0.8905004476611509,129.37335823377788,0.008573944444444443,0.001054287037037037
0.8898879552223842,138.00230197406788,0.008588296296296295,0.001062689814814815
0.8901959331933994,132.4331014535802,0.008568449074074072,0.001056902777777778
0.8920288973194564,134.73833917927948,0.008619287037037036,0.001043277777777778
0.8914798559083754,128.51044192026524,0.008603222222222226,0.001047273148148148
0.8896072570015765,117.30729010331488,0.008605541666666668,0.0010678749999999998
0.8905053170243797,125.73209748780556,0.00861872685185185,0.0010597407407407409
0.8907012858954364,117.96024351319596,0.008598087962962962,0.0010550787037037037
0.890415999244846,126.02550182150274,0.008559527777777777,0.001053425925925926
0.8890040690021921,129.97316826731796,0.008552157407407406,0.0010677731481481482
0.8887198549175005,140.29529982216746,0.008546370370370369,0.001070125
0.8890372125013251,107.66351368890264,0.008503694444444444,0.0010613657407407405
0.8899967708037669,98.21139361185557,0.008434157407407404,0.0010424583333333334
0.8891981360005734,108.06868523439641,0.008442685185185185,0.0010520324074074073
0.8895911747887721,110.30291770506068,0.008484467592592592,0.001053023148148148
0.8910951966186186,95.51877273687688,0.008487615740740742,0.0010373101851851852
0.8921776773382575,113.82498558084437,0.008484291666666666,0.001025351851851852
0.8924525975522807,131.4141474516726,0.008478097222222224,0.001021675925925926
0.8921605107755121,112.89363969665936,0.008469449074074075,0.0010237407407407409
0.8899916028591242,109.58947867185707,0.008449555555555556,0.0010444166666666668
0.8896657932574757,109.93167292850339,0.00846486111111111,0.0010497916666666665
0.8910860417939204,142.4781004492258,0.008496398148148149,0.0010384814814814814
0.8903092108005207,135.26427986221532,0.008504851851851852,0.0010478425925925926
0.8895382797300034,138.82433775280415,0.008523930555555555,0.0010584907407407407
0.8895801994801229,118.74254279488156,0.008566768518518517,0.0010633564814814815
0.8904508025979562,105.61640973243678,0.008589074074074074,0.0010566851851851852
0.8902391838595429,120.54863904161812,0.008606750000000002,0.0010611574074074076
0.8881367341823521,127.17171890643714,0.008612356481481481,0.0010847499999999998
0.8886087684913347,106.35274869395913,0.00859963888888889,0.0010780046296296297
0.8861646644340958,100.79554330876223,0.008593930555555556,0.0011039629629629628
0.8858558608316732,91.01713354733354,0.008613504629629629,0.0011098657407407405
0.8862195583017952,66.62064665033358,0.008594787037037036,0.0011034722222222225
0.8867425124559278,68.59064700941904,0.008584870370370371,0.001096486111111111
0.8875458426092289,66.60824753760822,0.00861036574074074,0.0010909537037037036
0.8869501585107143,80.94446674983045,0.008613476851851851,0.0010978657407407408
0.8865749425141067,83.20188081513379,0.008643013888888888,0.0011057546296296295
0.8865995093600713,107.85856508092401,0.008672055555555556,0.0011091990740740739
0.8863709983016451,90.19467963934807,0.008652421296296297,0.0011092037037037036
0.8876805242725254,100.9173851698899,0.008674027777777777,0.001097537037037037
0.8885591882750846,121.22753706785863,0.008666023148148148,0.0010868703703703702
0.8894662495021822,115.1412628381261,0.008695837962962964,0.0010806296296296295
0.8892277755192323,149.3133071240742,0.008729013888888889,0.0010873842592592593
0.8892819725033219,170.93666755462596,0.008731587962962962,0.0010871064814814816
0.8891606723403417,150.64072145262682,0.008774694444444444,0.0010938194444444444
0.8897124586824733,108.12736708236702,0.008764199074074075,0.0010863981481481482
0.8899980605020059,100.34053066433,0.008773967592592592,0.0010844444444444443
0.8904312004656786,80.00697317362881,0.008746157407407407,0.0010762268518518519
0.889915521709,63.32915933952898,0.008751231481481481,0.001082546296296296
0.8904321583798701,89.16731328845029,0.008750532407407408,0.0010767546296296295
0.8896654591744673,89.9151840120469,0.008742532407407407,0.0010842314814814814
0.8906570563268673,101.79262390777961,0.008736805555555555,0.0010725879629629631
0.8905650351581004,87.28841087041083,0.00872136111111111,0.001071703703703704
0.8905871864661691,71.64252685783647,0.008717879629629628,0.0010710324074074075
0.8906920694195047,59.052522556098495,0.008710296296296296,0.0010689490740740742
0.8908653859797994,77.2621862870786,0.008719666666666669,0.0010681944444444445
0.890521619332543,56.301724713223464,0.008669462962962964,0.0010658009259259258
0.8899758851776636,58.48616256107924,0.008659185185185185,0.0010705
0.8884236626154816,77.63406441912235,0.00866910648148148,0.0010887453703703701
0.8887032896746874,83.96514840432513,0.00864552777777778,0.0010827222222222221
0.888805459841991,114.06051227886898,0.008653171296296298,0.001082560185185185
0.8885221713872603,120.53268766704383,0.008625995370370369,0.0010822546296296296
0.8887606068998655,104.46698148225153,0.00863171296296296,0.0010803657407407407
0.8880100607671095,97.2967853033968,0.008620513888888891,0.0010871620370370369
0.8864990058630056,94.99742104751004,0.008626222222222221,0.0011044398148148148
0.8854765014916519,95.40582554191958,0.008624,0.0011153888888888889
0.885108153078203,93.70749637066426,0.008619560185185183,0.0011188657407407408
0.8860328766626988,92.09348584284398,0.008604851851851853,0.0011068101851851853
0.8866351101599421,100.39456040249945,0.008604194444444446,0.0011001296296296297
0.8853870015180275,102.69132580415219,0.008581310185185183,0.001110847222222222
0.8854040823111791,88.00751846030198,0.008580930555555553,0.001110611111111111
0.8841534984403379,83.56532691793946,0.00857549074074074,0.0011236064814814815
0.8844822075304616,75.65309514894918,0.008596212962962962,0.0011227083333333332
0.8845048381702367,87.9662312410995,0.008619532407407409,0.0011255046296296295
0.8859622108295141,94.14021627759948,0.008603833333333335,0.0011074537037037036
0.8872544346658938,82.74531374942705,0.008617935185185185,0.0010951018518518519
0.8873202507388879,67.32683535600059,0.008632759259259258,0.0010962638888888888
0.8877953882245236,68.48004354625806,0.00862,0.0010894444444444445
0.8875716689554719,90.16125078742904,0.008632476851851851,0.0010934722222222222
0.8883315371990206,82.25522117368419,0.00863987962962963,0.0010860833333333332
0.8879812734796622,95.6134011616976,0.00862312037037037,0.0010878055555555552
0.8888072653538166,101.11988035230206,0.008620541666666665,0.0010784583333333334
0.8892362425287812,93.10492836606187,0.00862562037037037,0.0010744120370370371
0.8888640452791474,107.31227495399934,0.008631717592592594,0.001079236111111111
0.8876199199454623,122.99143980652107,0.008631972222222223,0.0010928796296296296
0.8871684189066912,132.60286053300166,0.00868337037037037,0.0011043657407407406
0.8868951829076188,123.63445136827727,0.008692833333333332,0.001108587962962963
0.885778642638818,134.9294217040325,0.00865500462962963,0.0011160648148148145
0.8850078312525027,162.46837322530794,0.008645768518518518,0.0011233749999999998
0.8851027530565783,155.14767096812687,0.008632226851851853,0.0011205694444444442
0.8833808143818459,157.4769810758663,0.008659324074074074,0.0011431574074074074
0.8818032575108228,121.71002050863302,0.008658842592592591,0.0011606296296296297
0.8829343207186146,101.3802672403661,0.008658425925925925,0.0011479953703703702
0.883439333431938,110.1023608301283,0.008710527777777777,0.0011492638888888887
0.883116755561459,129.75403295612966,0.008741662037037036,0.001156986111111111
0.8833893033023996,155.26788330206452,0.008751435185185185,0.0011552222222222222
0.8842094681002779,166.952742390793,0.008754717592592593,0.0011464629629629633
0.8842414460520205,171.27529110067422,0.008760564814814815,0.0011468703703703706
0.8847037932686129,155.78710908718708,0.008765018518518517,0.0011422731481481483
0.8844087780671723,144.45220129308876,0.008759462962962962,0.001144851851851852
0.8854286586612662,156.73566900406283,0.008780722222222224,0.0011361944444444444
0.8861290559696597,172.16180813338087,0.008818157407407408,0.0011331666666666667
0.886417101479004,184.76595036820896,0.008842671296296296,0.001133074074074074
0.886897839791684,200.09539338152638,0.008872875,0.0011315185185185187
0.8850561126415332,192.70543803700895,0.008839731481481481,0.001148032407407407
0.885531694087818,188.123422921643,0.008825212962962962,0.0011407916666666667
0.8857286339126611,188.88779262726186,0.008859541666666668,0.0011430046296296297
0.8858929896142432,179.94454861390943,0.008845805555555556,0.0011393796296296297
0.8869463361026776,170.5414923378293,0.008848037037037038,0.0011278055555555555
0.8867881112176415,163.81139966962684,0.00888522685185185,0.0011343333333333331
0.8854894467108078,128.118288865582,0.008877384259259258,0.001148013888888889
0.8858791149701533,139.21888089570012,0.008885740740740744,0.001144680555555556
0.8848043778372909,158.60906365671167,0.008889842592592592,0.001157398148148148
0.8828020317653206,185.90452515685942,0.008879087962962964,0.0011787592592592596
0.8822308556372592,183.230086333371,0.008879416666666667,0.0011853148148148148
0.8805457451915665,167.97948236960394,0.008856777777777778,0.0012015046296296296
0.8781937478359342,167.5146071870735,0.008853550925925926,0.0012279953703703704
0.8802453668000607,161.52033147539615,0.008882967592592592,0.0012085
0.8831762901030135,138.2016023844285,0.008896504629629631,0.0011768009259259258
0.8833197878200271,131.28402197645508,0.008931324074074072,0.001179763888888889
0.8831014060534029,114.25562938382254,0.008916282407407407,0.0011802731481481484
0.8829185349179958,135.20359018583886,0.008913953703703705,0.0011820555555555556
0.883588626249889,143.70657591005357,0.008940583333333333,0.0011779074074074077
0.8836603785969812,133.81969226804657,0.008974814814814814,0.0011815925925925928
0.8842003128921395,163.3975571095165,0.008990532407407407,0.0011774490740740745
0.8846460020620884,151.17824566592228,0.008993212962962965,0.001172675925925926
0.8846818827122791,140.73919083509278,0.008952157407407409,0.0011669120370370373
0.8861070795954517,173.8098033155341,0.008974398148148146,0.0011534953703703703
0.8858562313753451,199.26463157126432,0.008973231481481481,0.0011562129629629626
0.885258299632143,212.4724676583344,0.008968773148148148,0.001162476851851852
0.8854942273500159,232.30885981391458,0.008976078703703703,0.0011607222222222225
0.8853130632897493,247.37581410439472,0.008958958333333333,0.0011605787037037038
0.8847086048966901,252.28190017129447,0.008934537037037038,0.0011643101851851853
0.886080158814979,269.2397898386256,0.008943449074074074,0.0011498240740740742
0.8853079704834903,279.73535889999533,0.008949217592592592,0.0011593749999999998
0.8847370836674722,301.5321160422262,0.008933300925925926,0.0011638240740740738
0.8854547232697154,287.91669909463405,0.008928134259259259,0.0011549722222222222
0.8846719140864816,273.6479520119237,0.00893952777777778,0.0011653796296296297
0.8850176833505334,253.32344528735968,0.008944935185185188,0.0011621342592592595
0.8861280258875301,233.5577108849913,0.008932740740740741,0.0011479027777777776
0.8861928408001944,230.7134961610943,0.008947962962962963,0.0011491203703703702
0.8859878544767762,252.0001641718213,0.008973916666666665,0.0011547962962962961
0.885533356871988,241.85411189505157,0.008940648148148149,0.0011556944444444444
0.8849606772890606,239.01039230939531,0.008915032407407408,0.0011588981481481483
0.8845503204489973,205.03237033788807,0.008884226851851851,0.001159550925925926
0.8870769021504028,179.36276253193884,0.008876555555555556,0.0011299675925925926
0.8873834229429302,149.9929220708808,0.00886435648148148,0.0011249629629629628
0.8867620087205015,166.6298251249957,0.008879726851851852,0.0011339259259259258
0.8866447233497708,145.78667174933787,0.008886856481481482,0.001136162037037037
0.8862914984129651,155.5973847220643,0.008890074074074073,0.0011405694444444445
0.8861020607659135,167.21433896469534,0.008871662037037037,0.0011403472222222223
0.8857713202756218,144.99049006084786,0.008888912037037037,0.0011463101851851853
0.8849706330888283,133.12535583743536,0.008873768518518517,0.0011534212962962963
0.8854871370536848,111.65540682924345,0.008873208333333332,0.0011474999999999999
0.886694595622328,107.67005372541873,0.008884601851851852,0.001135310185185185
0.8868005559525253,116.96812834628341,0.008900074074074074,0.001136087962962963
0.8870163927190875,99.68757550292521,0.008932222222222222,0.0011377407407407408
0.8853871240576529,132.26639113693489,0.008946435185185186,0.001158111111111111
0.8840208130479902,168.66185453463967,0.008948717592592593,0.0011740277777777782
0.8829466848834198,168.07449764871092,0.008933842592592592,0.0011843703703703704
0.8832874009904946,185.2166193639229,0.008954796296296298,0.0011832361111111113
0.8835896348662686,186.5763889182131,0.00895275925925926,0.0011795
0.884172735515194,154.25380507303242,0.00895725925925926,0.0011734074074074075
0.8844673503342435,149.77010201498248,0.008946162037037039,0.0011685833333333333
0.8831095761955949,132.18973558092193,0.008938009259259258,0.0011830555555555557
0.8837509643474206,106.4135735990208,0.008899069444444446,0.001170587962962963
0.8853025539675746,98.35818995476943,0.008867837962962963,0.0011488935185185185
0.8863987820852725,112.05327972327993,0.008884555555555554,0.0011386481481481484
0.8866284198802421,135.0298965721509,0.008933569444444444,0.0011423194444444445
0.8863519590859745,148.68417101378856,0.008984847222222224,0.0011520370370370365
0.8867163491612947,146.08765992654676,0.009010314814814815,0.001151125
0.885625840254592,148.3723377441405,0.009021189814814813,0.0011650416666666667
0.8849923297293143,150.11529363748912,0.009008685185185184,0.0011707083333333335
0.8850973168150068,134.044951008216,0.009035638888888888,0.001173
0.8844302557361323,140.9206130913205,0.009048601851851851,0.0011823935185185186
0.8834487773281106,135.88554013884732,0.009067407407407406,0.0011962407407407406
0.8828651229856805,128.06843350114394,0.009048194444444444,0.0012004768518518519
0.8831976325884254,101.9601899919528,0.00904750925925926,0.001196527777777778
0.8837518106099703,88.77622668909484,0.00902187037037037,0.0011867314814814815
0.8841647648083227,88.44242269465225,0.00899299537037037,0.0011781805555555558
0.8833543566079612,95.13950877289282,0.008964472222222221,0.0011837453703703704
0.8826412514387437,97.79617716885893,0.008989194444444444,0.0011952314814814816
0.8829126663271297,129.1168434558843,0.00903699537037037,0.0011984398148148147
0.8837125552907921,119.70024661778352,0.00904315740740741,0.0011899861111111113
0.8837101802723104,124.01764759364761,0.00904548148148148,0.0011903194444444446
0.8841674353722628,137.33663874719025,0.009061398148148147,0.0011871111111111112
0.8846285586457803,163.55520525923214,0.00909912962962963,0.0011866898148148147
0.8842197834262742,185.98894238774534,0.009090958333333333,0.001190375
0.8832730838835638,166.5927328216784,0.009115157407407407,0.0012045925925925926
0.8833353253431274,155.01514064957266,0.009101453703703704,0.0012020555555555556
0.8827831138568644,149.17627577620507,0.009092208333333334,0.001207273148148148
0.8836777590907394,138.5965612713223,0.009095208333333334,0.0011972407407407411
0.8836967169928444,159.57062842186798,0.00910838888888889,0.00119875462962963
0.8854053758069388,147.50088902562948,0.00913287037037037,0.0011820324074074075
0.886419602190004,144.26358450307734,0.009132518518518519,0.0011701851851851851
0.8864714687990215,146.24197173215003,0.00915414351851852,0.0011723518518518522
0.8860956282573916,149.19249116751755,0.009156481481481482,0.0011770324074074075
0.8851516302041339,162.5434529180614,0.009163495370370369,0.001188962962962963
0.8853923003095158,161.0869827227457,0.009152509259259258,0.001184726851851852
0.8857959652094202,173.82403852511604,0.00916211574074074,0.0011812546296296298
0.8847860490623125,176.8344306179476,0.009157560185185185,0.0011924675925925924
0.8855578488628434,160.71814529675572,0.009159115740740742,0.0011836481481481483
0.8865699963615796,170.8180860277686,0.009115023148148146,0.0011661990740740743
0.886209474275566,161.33597542569782,0.009055912037037038,0.0011627916666666668
0.8854407207701613,142.52006483756352,0.009023300925925924,0.0011674444444444445
0.8874547864419574,127.49138646884964,0.009035953703703704,0.0011459212962962964
0.88900956626435,118.47460807994196,0.009075902777777778,0.001133101851851852
0.8893910581886406,117.91466189166812,0.009070499999999999,0.0011280509259259258
0.8869834119671781,150.18614946367774,0.009043083333333335,0.0011522407407407406
0.8877101832695165,164.3317199370429,0.009022365740740737,0.001141273148148148
0.8884256768057242,177.13043314264814,0.009050162037037039,0.0011365787037037037
0.8898802471859314,185.59477481222495,0.009076111111111111,0.0011231388888888886
0.8888455071454737,158.79700814152233,0.009042953703703704,0.0011308657407407407
0.8899163021849807,151.6638917976124,0.00906272222222222,0.0011210694444444443
0.8909930663312622,154.59366807864922,0.009051685185185185,0.0011074120370370367
0.8900230099916849,172.81485611172712,0.009028879629629628,0.0011156666666666667
0.8887783198702873,170.36813929779126,0.009014055555555555,0.0011280185185185182
0.8886092185977601,96.34991307898261,0.009018824074074073,0.0011305462962962962
0.8891347896160186,102.39149759009774,0.009041430555555558,0.0011273657407407406
0.8890296757691306,114.42318615333812,0.009036805555555557,0.0011279907407407406
0.8892542457706681,105.47278759416568,0.009015819444444443,0.0011228101851851852
0.8892999205365956,103.61256664232245,0.008989319444444444,0.0011189907407407405
0.8896192394326927,91.12796060241676,0.008981398148148148,0.0011143796296296292
0.8895933099358365,86.29130655044145,0.008983018518518517,0.0011148749999999995
0.8893828197583508,80.45437606859089,0.009018856481481478,0.001121722222222222
0.888718889504858,78.58698174594119,0.009024907407407405,0.0011300555555555558
0.8877398440902933,94.45822677370111,0.009067592592592592,0.0011466527777777777
0.8884496185092936,113.88012048080269,0.00908590277777778,0.001140791666666667
0.8876045881156434,127.06424595588935,0.00906275925925926,0.0011475972222222224
0.8881359882716192,129.89516609041726,0.009067412037037037,0.0011420740740740744
0.887515464062403,123.77604094717951,0.009063837962962963,0.0011487592592592595
0.8871897205471674,105.58174965388685,0.00902772222222222,0.0011479166666666667
0.8877848858461156,112.6365084523661,0.009062828703703705,0.0011455324074074076
0.8889902705392037,122.81490231066157,0.009066453703703703,0.0011321435185185184
0.8891089692575235,109.26346098186886,0.00907737037037037,0.0011321435185185184
0.8890102905817755,95.72468503081342,0.009014226851851851,0.0011253935185185182
0.8900719844331196,75.2959183750929,0.008981069444444444,0.0011092037037037036
0.8901422857457388,82.99166117108061,0.008984337962962963,0.0011088101851851851
0.8908797243656568,75.46207345426802,0.008973287037037038,0.0010991018518518518
0.890988542018582,81.21229622654498,0.008962000000000001,0.0010964907407407408
0.891400662364271,82.5995657661553,0.008979384259259258,0.0010939583333333333
0.8917512143933267,95.03829798503608,0.008993699074074074,0.001091736111111111
0.8915096696587668,85.83232125366506,0.009003467592592592,0.0010956574074074074
0.8910150098510049,59.69106385761138,0.008971634259259257,0.0010973703703703703
0.8906129912930676,65.50027050348658,0.00893787037037037,0.0010977685185185183
0.8906844774259626,85.90852241808021,0.008921837962962965,0.0010949953703703703
0.8895440504276537,70.99053199617917,0.00890428240740741,0.0011056574074074072
0.8880072232205622,95.54607545019651,0.008883398148148149,0.0011203472222222222
0.8889763568421306,138.63169481421062,0.008903476851851853,0.0011119490740740738
0.888333384015282,157.6963111417299,0.00892609722222222,0.0011220416666666666
0.8875556306428317,160.73994414998307,0.008950365740740743,0.0011339212962962963
0.8879618390960905,154.3636680321924,0.008948180555555558,0.0011290324074074074
0.8875753167164486,131.20327941012795,0.008936634259259259,0.001131958333333333
0.8883718900444673,107.03111527967714,0.00895314351851852,0.0011250046296296294
0.88860791694945,117.36707073844931,0.00895913425925926,0.0011230787037037036
0.8881811816160472,105.11956927574529,0.008972949074074072,0.0011296620370370367
0.888837226184476,109.69457484275324,0.008956314814814818,0.0011201249999999998
0.8891875003456152,92.79642031049612,0.008933222222222224,0.0011132777777777777
0.8882952270791055,56.45646358128897,0.008906208333333334,0.0011199722222222219
0.8896790542966074,71.68868921771181,0.008892263888888889,0.001102648148148148
0.8918921675483644,82.08058645169062,0.008906587962962963,0.0010795833333333334
0.8917737638107067,65.62107124164177,0.00892076388888889,0.0010826296296296296
0.890745965315755,73.951810582862,0.008944083333333335,0.0010970324074074075
0.8905451493095081,80.03116812820046,0.008963893518518517,0.0011017314814814813
0.8900885443624479,77.49996403796196,0.008924814814814814,0.0011020694444444444
0.8890687054913496,85.24348070510771,0.008911962962962964,0.0011119675925925928
0.8882052535350576,86.44493104032031,0.008917560185185188,0.0011224166666666665
0.8885451888168622,104.39901868077796,0.008914004629629631,0.0011181296296296295
0.887821672936126,122.477129438865,0.008936981481481482,0.0011292083333333332
0.8888281502424195,137.26687448972623,0.008927731481481481,0.0011166527777777776
0.8907438687941241,151.5710586187298,0.008974425925925926,0.0011007777777777776
0.8904103047301032,139.01895102789499,0.008977462962962961,0.0011049259259259259
0.889215664717006,123.85202602925587,0.008986611111111112,0.001119611111111111
0.8890440100441583,121.07463602529813,0.008989041666666668,0.0011218657407407405
0.8894400789903452,102.70364532703766,0.008991407407407406,0.001117657407407407
0.8896888047162412,81.46727651118988,0.008964763888888888,0.0011115277777777777
0.8885467431185492,77.40938205058457,0.008949171296296297,0.001122523148148148
0.889363686092217,102.68741350546833,0.008919597222222223,0.0011095925925925924
0.8874248046649919,109.01495989453701,0.008912662037037038,0.0011306249999999997
0.8873697336777411,102.85253430546726,0.008947800925925927,0.0011357083333333332
0.8868845815364856,87.08940992071192,0.008976569444444443,0.0011448935185185186
0.8863622258243524,115.37448572462407,0.008992046296296295,0.0011528425925925927
0.886751101965629,127.99529491486828,0.008985810185185185,0.0011475972222222222
0.8868187089292617,130.78719785454774,0.00897499537037037,0.0011454444444444442
0.8861036366070518,140.01237173793848,0.008978162037037036,0.0011540185185185182
0.8872744614240047,135.32593745864764,0.00896675462962963,0.0011391990740740744
0.8885395756600988,155.14278741159694,0.00896959722222222,0.0011251666666666667
0.888949342513313,157.5749116557809,0.008971046296296295,0.0011206944444444441
0.8894024480695079,166.01713158997057,0.008938041666666667,0.001111449074074074
0.8896755118688612,157.75575392461903,0.008927037037037037,0.0011069999999999997
0.8894115870488102,160.09526322703266,0.008943787037037038,0.0011120601851851851
0.8891711781766988,170.18093411543322,0.008935939814814815,0.0011138009259259256
0.8894006139472683,166.5540737547036,0.008941449074074076,0.0011118935185185184
0.8883912628901087,189.15498730690942,0.008937314814814815,0.001122796296296296
0.8878689438303109,197.5035164282369,0.008938365740740743,0.001128847222222222
0.8880595434620686,200.018692980405,0.008931009259259258,0.0011257592592592593
0.8889547550356438,192.3650038265465,0.00891427777777778,0.0011135416666666663
0.8899672414613273,196.23145467133014,0.00892125,0.0011029953703703703
0.8908984360422982,181.19839201769793,0.00895263425925926,0.0010963611111111113
0.8922560166726405,140.01052277834742,0.008943148148148148,0.0010799259259259258
0.8926727174961062,114.1139269533343,0.008915486111111114,0.0010719212962962963
0.8923064324195277,137.2904755601468,0.008928699074074075,0.0010776157407407405
0.8924464719721749,145.0389536866969,0.008928282407407407,0.0010759953703703704
0.8933732770436568,118.9500776797974,0.008889717592592593,0.001061013888888889
0.8920769871517453,119.63322871549211,0.008875050925925929,0.001073699074074074
0.8910803047356731,115.26012846828323,0.008902828703703704,0.0010882222222222222
0.8915446227065936,112.22052647199104,0.008908458333333336,0.0010837037037037037
0.8917308450604376,112.76609113794763,0.00890978240740741,0.0010817777777777776
0.8917700727481596,124.82718398986003,0.008934384259259258,0.0010843240740740741
0.8918132393938373,114.26360661385169,0.008943800925925928,0.0010849814814814813
0.8929817550792365,91.11299214957543,0.00893864814814815,0.0010712407407407407
0.8922985145469825,101.4718395217456,0.008912199074074074,0.001075712962962963
0.8937650993420178,116.00921596893365,0.008921666666666666,0.0010604490740740741
0.8947669816403017,109.90881458844434,0.008912032407407408,0.001048138888888889
0.8940181451145092,127.74568450307987,0.00891886574074074,0.0010572916666666664
0.895158224807745,106.40450257092228,0.008929041666666667,0.0010457777777777779
0.8955060526203225,78.87635264898064,0.008916935185185186,0.001040490740740741
0.8959470356698646,61.25763624695193,0.00891412962962963,0.0010352638888888887
0.8958064034071804,54.119925092127055,0.008880759259259258,0.0010329444444444448
0.8956245593553839,66.45594482237105,0.008886449074074076,0.0010356203703703706
0.8955094639330321,75.35211614985732,0.008847944444444445,0.001032402777777778
0.8952591352063995,90.76463071692925,0.008840277777777778,0.0010342685185185188
0.894393628099406,114.35657794932399,0.008827416666666664,0.0010423055555555556
0.8952744485963202,118.53087130939778,0.008813819444444444,0.0010310046296296298
0.8960204051755324,101.70074236481723,0.008783912037037038,0.0010193379629629632
0.896331204630318,114.53482741892918,0.008802814814814814,0.001018125
0.8965767779532664,131.747175488742,0.008809398148148148,0.0010161944444444443
0.8961601025984375,126.91165214645957,0.008799337962962962,0.0010195972222222223
0.8965973698649734,133.88962854584753,0.008820949074074075,0.001017300925925926
0.8982547737127441,126.03522635055856,0.008820541666666668,0.000999101851851852
0.8989967621212985,104.455845912098,0.008826953703703701,0.0009917175925925927
0.8992797348504482,88.78368174815756,0.00883573148148148,0.000989611111111111
0.8989473674280569,98.31202182251518,0.008823472222222222,0.0009918657407407406
0.8980059656754783,110.16583813508922,0.008832416666666667,0.0010031712962962965
0.8963627309107383,118.21973756796906,0.008849648148148148,0.0010231944444444444
0.8951594371185483,120.54623116734257,0.00883685648148148,0.0010349675925925928
0.8948631830641475,125.1561993578209,0.00882949074074074,0.0010373703703703706
0.8951050824766643,115.37461284313282,0.008815662037037037,0.0010330833333333333
0.8945379777409692,104.8041122241832,0.00879588425925926,0.0010369953703703704
0.8929941584631649,96.6786022644048,0.008779393518518518,0.0010520185185185188
0.8926138899063847,106.291169997545,0.008788449074074074,0.0010572962962962964
0.8933863950530209,102.11750340747514,0.008772773148148148,0.001046912037037037
0.8933656039809494,73.11410962208976,0.008754490740740742,0.0010449583333333335
0.8922710818259503,70.12020673067916,0.008759342592592596,0.0010575648148148148
0.8906717140518696,70.94034038050191,0.008751208333333335,0.0010741944444444447
0.890247767887721,74.5827153544902,0.008725009259259257,0.0010756435185185187
0.8895701697514761,64.76197358242867,0.008721671296296297,0.0010826944444444445
0.8877636082743878,77.32247626943226,0.008736629629629629,0.0011045370370370371
0.8895951521886862,97.80917867164128,0.008775592592592595,0.0010891111111111112
0.8895395093215365,113.9107504650464,0.008758208333333335,0.0010875694444444444
0.8888611536541408,106.59932002267018,0.008753875000000001,0.0010945416666666668
0.8888036398818675,91.1490620810018,0.008752666666666669,0.0010950277777777777
0.887501600747156,110.05026738666152,0.008759217592592593,0.0011103055555555554
0.88826876381691,109.45741873032902,0.008737361111111109,0.001099032407407407
0.8883184264091625,91.5975026539449,0.00873035648148148,0.0010976018518518518
0.889255154406113,96.3489052335661,0.008741180555555556,0.001088597222222222
0.8896454784466877,112.38477554997604,0.008752435185185186,0.0010856805555555554
0.8907353720429095,90.4978368840805,0.008755083333333333,0.0010739675925925927
0.8900700178939864,90.51107490256487,0.008727754629629629,0.001077939814814815
0.8887393608358257,93.73221159584297,0.008741171296296297,0.0010943009259259259
0.8889872375463154,109.20413732206399,0.008797351851851851,0.001098574074074074
0.8903936694622152,109.05904692624291,0.008828166666666666,0.001086736111111111
0.890879812823632,87.64438323386699,0.008849282407407408,0.0010839120370370369
0.8903143606704849,80.02923958511731,0.008870638888888891,0.0010928518518518518
0.8908467642149225,72.65648190400654,0.008899550925925925,0.0010904398148148147
0.8926744795930543,76.74847157409828,0.00893525,0.0010742777777777777
0.8928972237056565,105.62244226361472,0.008924958333333333,0.0010705462962962962
0.8937851733723332,89.3978326432181,0.008918060185185185,0.0010597962962962963
0.8940516229160261,83.31058788546108,0.008939754629629629,0.0010593935185185185
0.8930025136113601,107.17988189760861,0.008965550925925925,0.0010742314814814816
0.8923553114243217,107.96294210858156,0.008990657407407407,0.001084541666666667
0.8922749176595416,100.6643251019421,0.008970138888888887,0.0010829722222222221
0.8919492051122051,96.44825463618571,0.008986726851851852,0.001088652777777778
0.8915420029620785,105.00961837041835,0.008987754629629627,0.0010933796296296297
0.8916961076238306,112.01422216352779,0.008965925925925924,0.0010889861111111109
0.8919532697557114,108.6130508525525,0.008948046296296298,0.0010839212962962962
0.8934486587358854,96.64052051440846,0.008937013888888888,0.0010658148148148148
0.893566467508754,112.5400897941921,0.008949212962962964,0.001065949074074074
0.8923790306218436,124.00987611646829,0.008959518518518518,0.0010805185185185184
0.8929186751470967,129.7664629498771,0.00897124074074074,0.0010758564814814817
0.893667462138172,120.17152830334962,0.008963277777777777,0.0010664907407407407
0.8927744261711889,111.54649366588956,0.008922916666666666,0.0010716759259259258
0.8944262596961858,90.72959395403797,0.00890475462962963,0.0010510740740740738
0.8935584878568531,70.32578866915821,0.008879476851851852,0.0010577314814814815
0.8930324632385619,61.646795070487954,0.008884527777777778,0.001064189814814815
0.891590491472648,50.005371912711574,0.00886189351851852,0.001077527777777778
0.8910330454408091,70.68493392738856,0.008831791666666665,0.0010800648148148147
0.8914428167226011,89.17240922573544,0.008855291666666668,0.0010783703703703704
0.8927315605628876,94.94255500911828,0.008887097222222223,0.001067851851851852
0.8919394700262457,90.26165204721364,0.008897240740740742,0.0010779212962962962
0.8916941146645939,91.2662040170585,0.00885863425925926,0.001075976851851852
0.8900533523286916,90.18175291228232,0.008856430555555557,0.0010940185185185185
0.8890348149945115,82.83433886895709,0.008856490740740743,0.001105425925925926
0.8893906991139883,69.55578741085047,0.008833560185185186,0.0010985879629629629
0.8892658501144891,63.093188963496736,0.008817268518518518,0.0010979537037037036
0.8908932100673468,60.848697225224825,0.008806726851851852,0.0010785509259259257
0.8923596051299973,59.80075746608349,0.008829861111111111,0.001065097222222222
0.8933732993519314,66.89112683884358,0.008846120370370372,0.0010558101851851852
0.8924242367540623,61.293610140345464,0.008832157407407408,0.0010646574074074074
0.892746025547795,52.24824906719903,0.008837958333333333,0.0010617870370370373
0.8945141426343486,50.72896998262009,0.008858439814814816,0.0010446342592592593
0.8942783076373796,65.14359259248621,0.008894189814814815,0.0010514722222222223
0.8941102178295028,97.8376837990915,0.00887550925925926,0.0010511296296296297
0.8959433230991224,96.69819984663837,0.00888814351851852,0.001032287037037037
0.8970682021015193,89.46352663762397,0.00890214351851852,0.0010214537037037039
0.8981323147822167,83.55102658109666,0.008928782407407408,0.0010127175925925924
0.8984255219049939,101.57965794023613,0.008947078703703705,0.0010115416666666667
0.8990022073987841,112.16508580463437,0.008952347222222223,0.0010057453703703704
0.89905835943845,97.13200258022484,0.00896873148148148,0.0010069629629629628
0.8994130117504181,87.7998653938389,0.008989912037037038,0.001005398148148148
0.8996013103571819,119.60834908671626,0.008997375,0.0010041388888888888
0.8994088716367391,127.8435712487985,0.009014958333333333,0.0010082453703703703
0.8980379998050061,102.88668472736651,0.008997712962962963,0.0010215879629629629
0.8981860278483699,108.5577892788825,0.00901583333333333,0.0010219907407407408
0.8983454741464774,106.33569197468601,0.009019712962962962,0.0010206481481481481
0.8995942511838189,118.35574643172791,0.00902039814814815,0.001006787037037037
0.9005449008315454,107.78576310504617,0.009061412037037036,0.0010007314814814818
0.9013339017395342,97.18115080545908,0.009083638888888888,0.0009943564814814817
0.9025091185375449,107.87523168983734,0.00910136574074074,0.0009831481481481481
0.9017684751667006,133.2628869582096,0.009144203703703703,0.0009960972222222224
0.9012300920630925,129.21088279601292,0.009149337962962962,0.0010027175925925928
0.899719279906979,124.94914750549832,0.009149203703703705,0.0010197500000000003
0.8977285857910371,130.0185911197211,0.009136009259259259,0.0010407962962962966
0.8981575997985712,119.30366059140142,0.009149074074074073,0.0010374166666666667
0.8989345805327505,102.85080723873115,0.009176819444444444,0.0010317314814814816
0.8990573812130996,106.44974151710008,0.00921773148148148,0.0010349305555555556
0.8973704497253007,98.29382819431997,0.009183157407407407,0.0010502500000000002
0.8977184394060458,108.75692940662373,0.009196194444444444,0.0010477685185185184
0.8973027218713164,105.20459345289915,0.009222805555555554,0.0010555601851851852
0.8982897700487141,86.75937167402543,0.009209782407407406,0.0010427916666666667
0.9000649636773423,86.20429773833933,0.009210939814814814,0.001022699074074074
0.9027958571894604,80.95907703998613,0.009211907407407408,0.000991847222222222
0.903738816671519,100.46185414364547,0.009240449074074075,0.0009842407407407406
0.9046165653065811,115.24221940056206,0.009244310185185185,0.000974726851851852
0.9039928925658853,106.7164359130328,0.009218902777777774,0.0009790787037037036
0.9035696763759925,97.46924659949758,0.009208546296296298,0.00098275
0.9033316367126931,112.12600942295637,0.009218925925925926,0.0009865462962962961
0.9023602799955556,118.69943112320149,0.00921174074074074,0.0009967546296296298
0.9020312974896344,115.48114249647362,0.009247069444444445,0.0010043148148148147
0.9023916926796701,127.61879126999303,0.009261379629629628,0.0010017685185185188
0.9026456455442647,138.5298253400163,0.009283773148148149,0.0010012962962962964
0.9029481600520025,135.99225723467964,0.009260569444444445,0.0009953564814814814
0.9024294075925501,136.7400725452328,0.009218587962962961,0.0009967129629629631
0.9024249370199302,154.52405647929163,0.009200907407407408,0.0009948518518518518
0.9038884141547362,143.57163333170215,0.009191837962962964,0.0009773796296296295
0.9046310880276929,142.25610814048892,0.009197472222222223,0.000969625
0.9060476481368357,154.8935651503892,0.009201333333333334,0.0009541296296296295
0.9072287382432104,167.37634515079117,0.009241208333333332,0.000944986111111111
0.9072583265803835,176.58187326859212,0.00924174074074074,0.0009447083333333332
0.9065790666929765,164.9079887656925,0.009210041666666667,0.0009490740740740743
0.9059382258938565,191.93611397099386,0.009241064814814815,0.0009594814814814816
0.9059860948547341,199.3072873090014,0.009263435185185184,0.0009612638888888888
0.9083259358482204,138.977517926019,0.009242296296296297,0.0009327916666666667
0.9091855204237099,133.62832861794456,0.009257819444444444,0.0009247222222222222
0.9103644155656446,118.58620186897717,0.009272875,0.0009130185185185185
0.9097655906762573,109.2079993218894,0.009251208333333334,0.0009175740740740741
0.909316382100217,131.53865334946312,0.00927098148148148,0.0009245694444444443
0.9091939425844417,166.91736339650478,0.009307064814814815,0.0009295462962962964
0.9072323602513686,159.49461201926414,0.009287606481481482,0.000949689814814815
0.9080187401341574,134.15771243083762,0.009310185185185185,0.000943111111111111
0.906873765242864,146.6369119449659,0.009306074074074076,0.0009556342592592593
0.9052206377103816,158.2175621349215,0.009311430555555554,0.0009749351851851852
0.9046642355555176,164.8816068603172,0.009315625000000001,0.0009817037037037036
0.9040864467855089,139.63963190230697,0.009295879629629631,0.0009861898148148147
0.9036843778452814,137.5220859278698,0.009291138888888889,0.000990259259259259
0.9017438914473536,145.84673850226565,0.009309962962962963,0.001014435185185185
0.9023962963161535,163.20699504214573,0.009350680555555557,0.0010113749999999997
0.9030453675721106,171.82259705489594,0.009351703703703704,0.001004037037037037
0.9033851432023822,171.81157919322825,0.009303796296296294,0.0009950185185185186
0.9039509493856069,152.1653710013799,0.009297060185185184,0.0009878564814814813
0.9046697920702221,143.4714117120698,0.009308185185185185,0.0009808564814814812
0.9059338563486513,135.10120642816807,0.009306490740740742,0.000966324074074074
0.9065351144865623,138.20287198161373,0.009283800925925926,0.0009571712962962962
0.9057064568853916,161.9851816906001,0.009276513888888886,0.0009657824074074073
0.9049845135635934,183.00560856337032,0.00929314351851852,0.0009756990740740738
0.9042939800787334,192.40820230474728,0.009326662037037036,0.000987087962962963
0.9036417949649735,175.4914444781912,0.009301921296296296,0.0009918935185185185
0.9047862454997806,142.5437791582706,0.009292921296296297,0.0009779259259259257
0.9054607468571726,154.60734280465735,0.009308689814814815,0.0009719212962962962
0.9051237824129,170.93777976755047,0.00933864814814815,0.0009788888888888887
0.9051252882094973,169.23812844368183,0.009348837962962963,0.0009799398148148146
0.904209118077397,194.22832193230332,0.009352791666666667,0.000990824074074074
0.9030742121290535,195.903416135569,0.009338782407407407,0.0010023194444444446
0.9034862972960608,162.76321036268803,0.009325208333333333,0.0009961527777777779
0.9035595590643762,157.95952430152784,0.009335564814814816,0.0009964212962962965
0.9037647885799833,164.84616156807536,0.009357120370370372,0.0009963703703703706
0.9027389543149932,161.87633163857913,0.009347611111111112,0.001007111111111111
0.9026295740216914,159.87730327247368,0.009357351851851853,0.0010094166666666667
0.9025556745989425,156.82322856468798,0.009364069444444444,0.0010109907407407403
0.9032065137650794,125.34030454802365,0.009347819444444447,0.0010017731481481481
0.9039265522024111,138.33932409777813,0.009329208333333333,0.0009915509259259259
0.9039696845113813,143.2377542918996,0.009324430555555555,0.000990550925925926
0.9036819466854839,138.0160061678796,0.00930838425925926,0.000992125
0.9032781206701095,105.71022888107268,0.009295902777777778,0.0009953935185185187
0.9038210987927526,90.1084810780306,0.009268861111111111,0.0009863333333333334
0.9037473301473204,104.18614695049591,0.009279388888888889,0.0009882916666666668
0.9022229361927254,116.44370547870757,0.009308513888888889,0.0010087962962962963
0.9023089073478763,107.01450346672091,0.00931973148148148,0.0010090277777777775
0.9025853815663503,96.41317836916494,0.009340337962962965,0.0010080879629629626
0.9028962923159592,102.63893004878769,0.009334944444444444,0.0010039444444444445
0.9041280155668072,111.74078389438586,0.009378925925925926,0.000994523148148148
0.9044673787304008,118.18253289183139,0.009407754629629629,0.0009936759259259258
0.9046470761429841,116.11703497535116,0.009430958333333335,0.0009940555555555555
0.9042196008264262,127.60863580321555,0.009452087962962962,0.0010012222222222221
0.9033912695064629,129.4372244178711,0.009477962962962962,0.0010135740740740743
0.9054644339109145,118.45374017599029,0.009511337962962964,0.000993037037037037
0.9059310127623487,111.27906528270157,0.009534949074074074,0.0009900787037037037
0.9048188076031558,128.94335328947253,0.009545578703703704,0.0010041342592592593
0.9045554734649396,127.21058129094503,0.009545254629629633,0.001007171296296296
0.9045621016181241,124.0639309026277,0.009568541666666666,0.001009550925925926
0.9029640817254536,125.20742339857813,0.009524226851851851,0.0010235092592592594
0.9026110748577945,145.1479489238114,0.009496592592592591,0.0010246527777777778
0.9034677990092003,141.25484794670052,0.009485847222222222,0.0010135277777777777
0.9033309844435292,139.0540692632464,0.00948387962962963,0.0010149074074074073
0.9023625294510362,143.24101327652485,0.009461337962962961,0.0010237361111111113
0.9016912273324387,123.53782429509113,0.009450717592592592,0.0010303842592592593
0.9008793387731501,137.58817266398862,0.009478013888888888,0.0010428333333333333
0.8997677337335694,150.33663956502173,0.009489171296296298,0.001057074074074074
0.898665791776028,152.91768223036337,0.00951087962962963,0.0010724537037037037
0.8992554803882478,152.78926735788983,0.009512245370370369,0.0010656666666666668
0.8988058704520696,138.72602164550185,0.009518703703703703,0.0010716851851851853
0.8986792087629646,113.691694035974,0.009479430555555553,0.0010687499999999998
0.8985137739917681,116.46112877727992,0.009489083333333334,0.0010717824074074074
0.8989332981260453,122.07173218444171,0.009488037037037038,0.0010667361111111114
0.8998961613110503,114.49310263096406,0.00947273611111111,0.0010537407407407407
0.9009628115730486,111.30315588631056,0.00950448611111111,0.0010447685185185187
0.9000515209617712,97.8469748320267,0.009527412037037037,0.0010579953703703704
0.899644422798038,111.80022076719892,0.009526513888888888,0.0010626851851851854
0.9000029712643779,129.64626747031534,0.009535814814814815,0.0010595000000000001
0.9005016682247826,163.56045650581237,0.00954764814814815,0.0010549398148148148
0.8992203376369603,162.67292444528212,0.009540199074074074,0.0010692129629629628
0.899059323087934,163.82786267488552,0.009537666666666667,0.0010708287037037036
0.8993983649924856,142.8347162562667,0.00955574537037037,0.0010688518518518516
0.8993950377102043,112.80096130259756,0.009530685185185185,0.0010660879629629627
0.8993921292580557,122.53754469978514,0.009493958333333335,0.0010620138888888888
0.8985746757400452,130.93301177027197,0.009495055555555555,0.001071740740740741
0.8991246608521183,116.82715230406187,0.009493740740740744,0.0010651296296296296
0.8997159836854727,121.87028717841204,0.009518162037037037,0.001060912037037037
0.9007729311597645,107.07509203486993,0.009521199074074073,0.0010488333333333335
0.899993791394348,123.00843300790577,0.009529717592592593,0.0010589305555555556
0.8999643189839165,106.97128453763641,0.009540175925925928,0.0010604398148148148
0.8993141458403221,119.5766276488379,0.009531930555555554,0.0010671805555555556
0.8992684011922479,133.08037992055006,0.009535837962962961,0.0010681574074074074
0.8999995636998255,127.29285406647433,0.009549995370370372,0.0010611157407407407
0.8994589511640284,138.596623907852,0.009529759259259259,0.0010652314814814817
0.8988252163160075,161.04938132839467,0.009513078703703706,0.0010708240740740745
0.8980724249126968,166.13199409585818,0.009483166666666666,0.0010763009259259256
0.8994790250834731,179.3304983039235,0.009482328703703705,0.0010596944444444445
0.8996782953429673,193.64747367551485,0.009485125,0.0010576712962962961
0.9000844307348994,205.51753041509545,0.009471175925925926,0.0010513657407407407
0.8996593003703219,215.15262430243226,0.009476902777777777,0.001056976851851852
0.8999492121266629,216.39509567634065,0.009450541666666666,0.001050652777777778
0.8996804674103275,199.42817816260094,0.009424486111111107,0.0010508842592592592
0.8980453073061079,195.01821308963943,0.009410666666666666,0.0010683888888888891
0.8979074730826033,178.06227228722477,0.009384222222222223,0.0010669907407407407
0.8966371347568102,173.00620915263755,0.009375092592592591,0.0010807453703703701
0.8964490794911897,181.23271600668915,0.009356745370370371,0.0010808194444444444
0.895531724437747,202.35797492921947,0.009365180555555554,0.0010924953703703704
0.8954882585301163,208.71788211399593,0.009366027777777779,0.0010931018518518516
0.8968958708764746,207.5280966061826,0.009345754629629631,0.0010743564814814815
0.8978820487606237,174.50774432637127,0.009350601851851853,0.0010634629629629629
0.8996178382469474,151.4254885915367,0.009365962962962963,0.0010450833333333334
0.9006020955706406,125.33828421428862,0.009356930555555556,0.0010327083333333336
0.8997030551766992,126.74239808521048,0.00932385185185185,0.001039402777777778
0.9001632472149651,141.89300357502412,0.009345907407407405,0.001036550925925926
0.8993499930472225,158.06685252553024,0.009371972222222223,0.0010488564814814816
0.8990830780407204,149.23718410657335,0.00937373611111111,0.0010521481481481482
0.8986219494010638,142.75397128252496,0.009374490740740739,0.0010575833333333336
0.899125841282052,138.08147172458524,0.00935038425925926,0.0010490324074074074
0.8995843076123669,130.1509192395028,0.009361574074074074,0.0010449814814814818
0.8990197713598288,133.24402510033946,0.009382986111111113,0.0010539212962962965
0.8979844035928405,145.91988785727085,0.00937588425925926,0.0010651481481481482
0.897795305859489,136.36675077036915,0.009341925925925924,0.0010634814814814817
0.8976369818025556,131.58036186195935,0.009332287037037038,0.0010642175925925927
0.8965625457013707,129.48506799307017,0.009337777777777776,0.0010773101851851853
0.8975163540331215,119.5737001816069,0.009356986111111113,0.0010684351851851853
0.8987639803792876,140.53564764379078,0.009370055555555555,0.001055435185185185
0.8988314265220001,149.03066360510968,0.009380666666666669,0.0010558472222222221
0.8991567362479306,157.9070697789463,0.009391671296296299,0.0010533055555555556
0.8993958596723556,137.67075195946444,0.009369976851851853,0.0010481018518518517
0.8995449357622959,147.3655658005813,0.009381291666666666,0.0010476388888888888
0.9002634043393938,124.27236510328756,0.009408444444444445,0.0010423240740740742
0.9011455249101539,110.89696628698468,0.009425060185185184,0.001033916666666667
0.900573236516909,123.2822752191529,0.009424740740740739,0.0010405277777777778
0.8999134604346406,120.10971290483491,0.00943600925925926,0.0010494537037037037
0.899496548131068,111.44528297508185,0.009423796296296296,0.0010529490740740742
0.8993164528497657,101.8338543695735,0.00940575925925926,0.001053027777777778
0.898939845293356,119.08475523150726,0.009414800925925924,0.001058425925925926
0.8982700653103499,142.75757310143803,0.009427768518518518,0.0010677037037037035
0.896746761986717,114.44576126090266,0.009407745370370372,0.0010832268518518515
0.8964713348716156,88.02259765561462,0.009390939814814816,0.001084509259259259
0.8969664222034937,78.50905463323193,0.009391379629629633,0.0010787777777777777
0.8971431017764752,75.09555262580504,0.009410777777777777,0.001078939814814815
0.8977306738333465,72.01365006756069,0.00942886111111111,0.001074134259259259
0.8963245258423577,55.091516710483084,0.009409967592592591,0.0010884259259259258
0.8962778461587225,76.29975787337753,0.009425805555555555,0.0010908055555555554
0.8969986783315849,87.99077139898003,0.009445055555555555,0.0010845648148148147
0.8984167507541482,106.98976652670902,0.009455944444444444,0.001069175925925926
0.8996764707693363,109.96118808893391,0.00947023611111111,0.0010560324074074074
0.8992477444392067,140.07377708366684,0.009494037037037039,0.0010637175925925924
0.8979694442193867,132.82268786604578,0.009492555555555556,0.0010785787037037038
0.8970070295139597,114.0824850123292,0.009469416666666668,0.001087263888888889
0.8964144842201327,118.49767697449911,0.009458708333333335,0.0010930046296296298
0.896214653552724,142.93119684451966,0.009478249999999999,0.0010976203703703703
0.8950764339513199,145.87461032708293,0.009472999999999999,0.0011104537037037036
0.8954948853837733,140.6704344419043,0.0094765,0.0011059166666666667
0.8939667977416613,123.34444937634446,0.00944838888888889,0.0011206712962962958
0.8936750514186909,110.28597218065616,0.009432462962962962,0.0011222268518518517
0.8942411326078638,94.08459947197383,0.009422449074074071,0.001114361111111111
0.8950359669826883,82.27556923724107,0.009420560185185185,0.0011047824074074076
0.8963278325512732,89.34038771603431,0.009444805555555555,0.0010924166666666664
0.8954219959526357,105.80915678108646,0.009433249999999997,0.001101726851851852
0.8955029181354233,90.12072997236513,0.009413675925925924,0.0010984907407407408
0.8945714603882062,113.79488597261265,0.009409305555555554,0.0011089212962962962
0.8957020955374367,107.90271758298812,0.00939363425925926,0.0010938194444444441
0.8969180762453276,109.76744562979079,0.009385703703703703,0.0010786898148148147
0.896435111308182,119.147117082585,0.00937837962962963,0.0010834814814814815
0.8963564948907349,96.46874212034356,0.009334328703703704,0.0010793055555555556
0.8954012980142796,88.48042293001221,0.009340726851851852,0.001091162037037037
0.896271386948635,85.1686146801206,0.009358106481481481,0.0010830462962962964
0.8958395628920747,81.02104738832814,0.009362282407407408,0.0010885648148148148
0.8954317970153175,100.12202235594631,0.009338615740740743,0.001090560185185185
0.8966356861029768,89.76746427686564,0.009328842592592593,0.0010754305555555554
0.896143399745836,75.91474253849411,0.009323907407407407,0.0010805740740740739
0.8957268783432782,67.6120691334777,0.009319013888888887,0.0010848425925925925
0.8955255815774209,75.31107400192774,0.009320199074074071,0.0010873194444444444
0.8953782854658355,79.02176336054481,0.009305189814814813,0.0010872777777777775
0.8950894612334656,90.42984267621435,0.009327888888888887,0.0010932916666666665
0.8932026943730844,99.73562891755641,0.009318407407407405,0.0011141712962962963
